"","response_uuid","Age","Trial","Usable frames (%)","person_good"
"1","004732ad-6b7f-4b0c-861b-48fe2a7f3287","6","1",0.786666666666667,0.796610169491525
"2","004732ad-6b7f-4b0c-861b-48fe2a7f3287","6","2",0.773333333333333,0.887931034482759
"3","004732ad-6b7f-4b0c-861b-48fe2a7f3287","6","3",0.87248322147651,0.961538461538462
"4","004732ad-6b7f-4b0c-861b-48fe2a7f3287","6","4",0.966666666666667,0.544827586206897
"5","004732ad-6b7f-4b0c-861b-48fe2a7f3287","6","5",0.94078947368421,0.58041958041958
"6","004732ad-6b7f-4b0c-861b-48fe2a7f3287","6","6",0.960264900662252,0.531034482758621
"7","004732ad-6b7f-4b0c-861b-48fe2a7f3287","6","7",0.993377483443709,0.866666666666667
"8","004732ad-6b7f-4b0c-861b-48fe2a7f3287","6","8",0.986577181208054,0.761904761904762
"9","004732ad-6b7f-4b0c-861b-48fe2a7f3287","6","9",0.960526315789474,0.842465753424658
"10","004732ad-6b7f-4b0c-861b-48fe2a7f3287","6","10",0.863387978142076,0.740506329113924
"11","036015a7-933e-4753-84c7-c76bec88a304","12","1",0.92,0.355072463768116
"12","036015a7-933e-4753-84c7-c76bec88a304","12","2",0.833333333333333,0.4
"13","036015a7-933e-4753-84c7-c76bec88a304","12","3",0.731543624161074,0.275229357798165
"14","036015a7-933e-4753-84c7-c76bec88a304","12","4",0.84,0.285714285714286
"15","036015a7-933e-4753-84c7-c76bec88a304","12","5",0.960526315789474,0.315068493150685
"16","036015a7-933e-4753-84c7-c76bec88a304","12","6",0.80794701986755,0.80327868852459
"17","036015a7-933e-4753-84c7-c76bec88a304","12","7",0.503311258278146,0.31578947368421
"18","036015a7-933e-4753-84c7-c76bec88a304","12","8",0.711409395973154,0.481132075471698
"19","036015a7-933e-4753-84c7-c76bec88a304","12","9",0.644736842105263,0.122448979591837
"20","036015a7-933e-4753-84c7-c76bec88a304","12","10",0.819672131147541,0.06
"21","036e33eb-cca7-4d18-ab55-63c4c489229a","6","1",0.786666666666667,0.610169491525424
"22","036e33eb-cca7-4d18-ab55-63c4c489229a","6","2",0.986666666666667,0.574324324324324
"23","036e33eb-cca7-4d18-ab55-63c4c489229a","6","3",0.906040268456376,0.407407407407407
"24","036e33eb-cca7-4d18-ab55-63c4c489229a","6","4",0.9,0.392592592592593
"25","036e33eb-cca7-4d18-ab55-63c4c489229a","6","5",0.980263157894737,0.953020134228188
"26","036e33eb-cca7-4d18-ab55-63c4c489229a","6","6",0.986754966887417,0.463087248322148
"27","036e33eb-cca7-4d18-ab55-63c4c489229a","6","7",0.688741721854305,0.980769230769231
"28","036e33eb-cca7-4d18-ab55-63c4c489229a","6","8",0.865771812080537,0.503875968992248
"29","036e33eb-cca7-4d18-ab55-63c4c489229a","6","9",0.927631578947368,0.865248226950355
"30","036e33eb-cca7-4d18-ab55-63c4c489229a","6","10",0.945355191256831,0.815028901734104
"31","04d5f486-93c0-4fa9-b2f8-d0abdef53e6c","12","1",0.973333333333333,0.616438356164384
"32","04d5f486-93c0-4fa9-b2f8-d0abdef53e6c","12","2",0.746666666666667,0.830357142857143
"33","04d5f486-93c0-4fa9-b2f8-d0abdef53e6c","12","3",0.959731543624161,0.986013986013986
"34","04d5f486-93c0-4fa9-b2f8-d0abdef53e6c","12","4",0.946666666666667,0.725352112676056
"35","04d5f486-93c0-4fa9-b2f8-d0abdef53e6c","12","5",0.947368421052632,0.9375
"36","04d5f486-93c0-4fa9-b2f8-d0abdef53e6c","12","8",0.979865771812081,0.773972602739726
"37","04d5f486-93c0-4fa9-b2f8-d0abdef53e6c","12","9",0.901315789473684,0.795620437956204
"38","04d5f486-93c0-4fa9-b2f8-d0abdef53e6c","12","10",0.672131147540984,0.796747967479675
"39","06593bf2-f310-46bb-8a43-9c72dc7811b0","6","1",0.946666666666667,0.887323943661972
"40","06593bf2-f310-46bb-8a43-9c72dc7811b0","6","2",0.946666666666667,0.528169014084507
"41","06593bf2-f310-46bb-8a43-9c72dc7811b0","6","3",0.966442953020134,0.881944444444444
"42","06593bf2-f310-46bb-8a43-9c72dc7811b0","6","4",0.966666666666667,0.262068965517241
"43","06593bf2-f310-46bb-8a43-9c72dc7811b0","6","5",0.894736842105263,0.823529411764706
"44","06593bf2-f310-46bb-8a43-9c72dc7811b0","6","6",0.880794701986755,0.616541353383459
"45","06593bf2-f310-46bb-8a43-9c72dc7811b0","6","7",0.973509933774834,0.836734693877551
"46","06593bf2-f310-46bb-8a43-9c72dc7811b0","6","8",0.959731543624161,0.58041958041958
"47","06593bf2-f310-46bb-8a43-9c72dc7811b0","6","9",0.960526315789474,0.931506849315068
"48","06593bf2-f310-46bb-8a43-9c72dc7811b0","6","10",0.901639344262295,0.678787878787879
"49","06f52932-c87c-4815-adb9-52cc60998bd9","12","1",0.94,0.312056737588652
"50","06f52932-c87c-4815-adb9-52cc60998bd9","12","2",0.993333333333333,0.476510067114094
"51","06f52932-c87c-4815-adb9-52cc60998bd9","12","4",0.906666666666667,0.448529411764706
"52","06f52932-c87c-4815-adb9-52cc60998bd9","12","5",0.947368421052632,0.763888888888889
"53","06f52932-c87c-4815-adb9-52cc60998bd9","12","6",0.887417218543046,0.753731343283582
"54","06f52932-c87c-4815-adb9-52cc60998bd9","12","8",0.979865771812081,0.815068493150685
"55","06f52932-c87c-4815-adb9-52cc60998bd9","12","10",0.907103825136612,0.807228915662651
"56","08eee7ba-ef32-489d-9d25-e6cd14a0b267","6","1",0.8,0.6
"57","08eee7ba-ef32-489d-9d25-e6cd14a0b267","6","2",0.873333333333333,0.572519083969466
"58","08eee7ba-ef32-489d-9d25-e6cd14a0b267","6","4",0.74,0.27027027027027
"59","08eee7ba-ef32-489d-9d25-e6cd14a0b267","6","7",0.543046357615894,0.707317073170732
"60","095b6236-bad8-4356-8325-878f7a78c608","6","2",0.86,0.682170542635659
"61","095b6236-bad8-4356-8325-878f7a78c608","6","3",0.946308724832215,0.978723404255319
"62","095b6236-bad8-4356-8325-878f7a78c608","6","4",0.986666666666667,0.682432432432432
"63","095b6236-bad8-4356-8325-878f7a78c608","6","5",0.848684210526316,0.89922480620155
"64","095b6236-bad8-4356-8325-878f7a78c608","6","6",0.576158940397351,0.942528735632184
"65","095b6236-bad8-4356-8325-878f7a78c608","6","7",0.913907284768212,0.746376811594203
"66","095b6236-bad8-4356-8325-878f7a78c608","6","8",0.61744966442953,0.478260869565217
"67","095b6236-bad8-4356-8325-878f7a78c608","6","9",0.796052631578947,0.818181818181818
"68","095b6236-bad8-4356-8325-878f7a78c608","6","10",0.595628415300546,0.91743119266055
"69","0da636ec-fbd5-4f6b-9b7d-5fa0416da284","12","2",0.546666666666667,0.902439024390244
"70","0da636ec-fbd5-4f6b-9b7d-5fa0416da284","12","4",0.966666666666667,0.731034482758621
"71","0da636ec-fbd5-4f6b-9b7d-5fa0416da284","12","5",0.947368421052632,0.868055555555556
"72","0da636ec-fbd5-4f6b-9b7d-5fa0416da284","12","6",0.966887417218543,0.787671232876712
"73","0da636ec-fbd5-4f6b-9b7d-5fa0416da284","12","7",0.920529801324503,0.776978417266187
"74","0da636ec-fbd5-4f6b-9b7d-5fa0416da284","12","8",0.919463087248322,0.795620437956204
"75","0da636ec-fbd5-4f6b-9b7d-5fa0416da284","12","9",0.927631578947368,0.872340425531915
"76","14bde937-9452-4ae0-a0ce-8553c2aa41e5","6","2",0.906666666666667,0.294117647058824
"77","14bde937-9452-4ae0-a0ce-8553c2aa41e5","6","3",0.87248322147651,0.684615384615385
"78","14bde937-9452-4ae0-a0ce-8553c2aa41e5","6","4",0.84,0.849206349206349
"79","14bde937-9452-4ae0-a0ce-8553c2aa41e5","6","5",0.960526315789474,0.904109589041096
"80","14bde937-9452-4ae0-a0ce-8553c2aa41e5","6","6",0.549668874172185,0.939759036144578
"81","18088fc2-ebda-40ff-a630-70ffa64a67ea","12","4",0.36,0.5
"82","18088fc2-ebda-40ff-a630-70ffa64a67ea","12","5",0.782894736842105,0.773109243697479
"83","18088fc2-ebda-40ff-a630-70ffa64a67ea","12","10",0.6775956284153,0.395161290322581
"84","19397c83-6941-4f2e-8067-60e5655c55a1","12","1",0.826666666666667,0.709677419354839
"85","19397c83-6941-4f2e-8067-60e5655c55a1","12","2",0.953333333333333,0.783216783216783
"86","19397c83-6941-4f2e-8067-60e5655c55a1","12","3",0.986577181208054,0.687074829931973
"87","19397c83-6941-4f2e-8067-60e5655c55a1","12","4",0.96,0.756944444444444
"88","195d5246-ee70-4487-9d09-8d13249e2f10","12","2",0.74,0.414414414414414
"89","195d5246-ee70-4487-9d09-8d13249e2f10","12","3",0.939597315436242,0.264285714285714
"90","195d5246-ee70-4487-9d09-8d13249e2f10","12","4",0.92,0.188405797101449
"91","195d5246-ee70-4487-9d09-8d13249e2f10","12","5",0.671052631578947,0.205882352941176
"92","195d5246-ee70-4487-9d09-8d13249e2f10","12","7",0.615894039735099,0.505376344086022
"93","1afcb3c4-2834-4ba8-bb46-e4d987cb35ec","12","1",0.84,0.706349206349206
"94","1afcb3c4-2834-4ba8-bb46-e4d987cb35ec","12","2",0.906666666666667,0.794117647058823
"95","1afcb3c4-2834-4ba8-bb46-e4d987cb35ec","12","6",0.635761589403974,0.78125
"96","1afcb3c4-2834-4ba8-bb46-e4d987cb35ec","12","9",0.901315789473684,0.992700729927007
"97","1afcb3c4-2834-4ba8-bb46-e4d987cb35ec","12","10",0.868852459016393,0.861635220125786
"98","1b9291ee-7904-4319-a182-222c2f7e9ddb","12","2",0.94,0.645390070921986
"99","1b9291ee-7904-4319-a182-222c2f7e9ddb","12","4",0.946666666666667,0.443661971830986
"100","1b9291ee-7904-4319-a182-222c2f7e9ddb","12","5",0.980263157894737,0.912751677852349
"101","1b9291ee-7904-4319-a182-222c2f7e9ddb","12","6",0.947019867549669,0.811188811188811
"102","1b9291ee-7904-4319-a182-222c2f7e9ddb","12","7",0.986754966887417,0.838926174496644
"103","1b9291ee-7904-4319-a182-222c2f7e9ddb","12","8",0.906040268456376,0.748148148148148
"104","1b9291ee-7904-4319-a182-222c2f7e9ddb","12","9",0.664473684210526,0.94059405940594
"105","1b9291ee-7904-4319-a182-222c2f7e9ddb","12","10",0.819672131147541,0.74
"106","1c0a5b8d-7617-42eb-a1f4-71e8d2c8f51e","12","1",0.926666666666667,0.474820143884892
"107","1c0a5b8d-7617-42eb-a1f4-71e8d2c8f51e","12","2",0.9,0.481481481481481
"108","1c0a5b8d-7617-42eb-a1f4-71e8d2c8f51e","12","3",0.966442953020134,0.506944444444444
"109","1c0a5b8d-7617-42eb-a1f4-71e8d2c8f51e","12","4",0.94,0.787234042553192
"110","1c0a5b8d-7617-42eb-a1f4-71e8d2c8f51e","12","5",0.973684210526316,0.905405405405405
"111","1c0a5b8d-7617-42eb-a1f4-71e8d2c8f51e","12","6",0.940397350993378,0.78169014084507
"112","1c0a5b8d-7617-42eb-a1f4-71e8d2c8f51e","12","7",0.933774834437086,0.652482269503546
"113","1c0a5b8d-7617-42eb-a1f4-71e8d2c8f51e","12","8",0.919463087248322,0.576642335766423
"114","1c0a5b8d-7617-42eb-a1f4-71e8d2c8f51e","12","9",0.986842105263158,0.973333333333333
"115","1c0a5b8d-7617-42eb-a1f4-71e8d2c8f51e","12","10",0.825136612021858,0.847682119205298
"116","1d11ddd0-c1f0-4d87-b732-f16083f88e22","6","1",0.96,0.909722222222222
"117","1d11ddd0-c1f0-4d87-b732-f16083f88e22","6","3",0.87248322147651,0.946153846153846
"118","1d11ddd0-c1f0-4d87-b732-f16083f88e22","6","4",0.72,0.509259259259259
"119","1d11ddd0-c1f0-4d87-b732-f16083f88e22","6","5",0.802631578947368,0.040983606557377
"120","1d11ddd0-c1f0-4d87-b732-f16083f88e22","6","6",0.867549668874172,0.99236641221374
"121","1d11ddd0-c1f0-4d87-b732-f16083f88e22","6","7",0.860927152317881,0.715384615384615
"122","1d11ddd0-c1f0-4d87-b732-f16083f88e22","6","8",0.879194630872483,0.49618320610687
"123","1d11ddd0-c1f0-4d87-b732-f16083f88e22","6","9",0.75,0.12280701754386
"124","1d11ddd0-c1f0-4d87-b732-f16083f88e22","6","10",0.890710382513661,0.846625766871166
"125","1da22c85-469f-44c2-9bb3-312daf3b21a5","12","1",0.626666666666667,0.840425531914894
"126","1da22c85-469f-44c2-9bb3-312daf3b21a5","12","2",0.98,0.482993197278912
"127","1da22c85-469f-44c2-9bb3-312daf3b21a5","12","4",0.986666666666667,0.310810810810811
"128","1da22c85-469f-44c2-9bb3-312daf3b21a5","12","6",0.960264900662252,0.351724137931034
"129","1da22c85-469f-44c2-9bb3-312daf3b21a5","12","7",0.940397350993378,0.528169014084507
"130","1da22c85-469f-44c2-9bb3-312daf3b21a5","12","8",0.986577181208054,0.435374149659864
"131","1da22c85-469f-44c2-9bb3-312daf3b21a5","12","10",0.852459016393443,0.916666666666667
"132","257e85c7-6ba9-45b5-98da-5cd61b51b694","12","2",0.94,0.631205673758865
"133","257e85c7-6ba9-45b5-98da-5cd61b51b694","12","4",0.96,0.486111111111111
"134","257e85c7-6ba9-45b5-98da-5cd61b51b694","12","6",0.834437086092715,0.69047619047619
"135","257e85c7-6ba9-45b5-98da-5cd61b51b694","12","7",0.933774834437086,0.829787234042553
"136","257e85c7-6ba9-45b5-98da-5cd61b51b694","12","8",0.845637583892617,0.96031746031746
"137","257e85c7-6ba9-45b5-98da-5cd61b51b694","12","10",0.879781420765027,0.75776397515528
"138","2817e5e3-7bf5-45c3-b800-2e0ddc4ed608","6","1",0.633333333333333,0.821052631578947
"139","2817e5e3-7bf5-45c3-b800-2e0ddc4ed608","6","2",0.74,0.585585585585586
"140","2817e5e3-7bf5-45c3-b800-2e0ddc4ed608","6","4",0.533333333333333,0.8625
"141","2817e5e3-7bf5-45c3-b800-2e0ddc4ed608","6","5",0.861842105263158,0.679389312977099
"142","2817e5e3-7bf5-45c3-b800-2e0ddc4ed608","6","6",0.562913907284768,0.0235294117647059
"143","2817e5e3-7bf5-45c3-b800-2e0ddc4ed608","6","9",0.638157894736842,0.257731958762887
"144","293e9cd5-1fc6-4950-afd2-7929b83e0d4a","12","1",0.873333333333333,0.755725190839695
"145","293e9cd5-1fc6-4950-afd2-7929b83e0d4a","12","2",0.773333333333333,0.646551724137931
"146","293e9cd5-1fc6-4950-afd2-7929b83e0d4a","12","3",0.718120805369127,0.934579439252336
"147","293e9cd5-1fc6-4950-afd2-7929b83e0d4a","12","4",0.786666666666667,0.728813559322034
"148","293e9cd5-1fc6-4950-afd2-7929b83e0d4a","12","5",0.875,0.917293233082707
"149","293e9cd5-1fc6-4950-afd2-7929b83e0d4a","12","6",0.854304635761589,0.62015503875969
"150","293e9cd5-1fc6-4950-afd2-7929b83e0d4a","12","7",0.966887417218543,0.787671232876712
"151","293e9cd5-1fc6-4950-afd2-7929b83e0d4a","12","8",0.926174496644295,0.58695652173913
"152","293e9cd5-1fc6-4950-afd2-7929b83e0d4a","12","9",0.93421052631579,0.894366197183099
"153","293e9cd5-1fc6-4950-afd2-7929b83e0d4a","12","10",0.85792349726776,0.668789808917197
"154","2ac97100-84f4-4172-a88f-82e8e886ea58","12","1",0.786666666666667,0.279661016949153
"155","2ac97100-84f4-4172-a88f-82e8e886ea58","12","2",0.846666666666667,0.622047244094488
"156","2ac97100-84f4-4172-a88f-82e8e886ea58","12","3",0.932885906040268,0.741007194244604
"157","2ac97100-84f4-4172-a88f-82e8e886ea58","12","4",0.333333333333333,0.14
"158","2ac97100-84f4-4172-a88f-82e8e886ea58","12","6",0.675496688741722,0.588235294117647
"159","2ac97100-84f4-4172-a88f-82e8e886ea58","12","7",0.874172185430464,0.840909090909091
"160","2ac97100-84f4-4172-a88f-82e8e886ea58","12","8",0.805369127516778,0.8
"161","2ac97100-84f4-4172-a88f-82e8e886ea58","12","10",0.830601092896175,0.736842105263158
"162","2e9bcba0-31d6-48ef-9ec8-04ccbc838ff9","12","1",0.92,0.0289855072463768
"163","2e9bcba0-31d6-48ef-9ec8-04ccbc838ff9","12","2",0.673333333333333,0.603960396039604
"164","2e9bcba0-31d6-48ef-9ec8-04ccbc838ff9","12","3",0.785234899328859,0.692307692307692
"165","2e9bcba0-31d6-48ef-9ec8-04ccbc838ff9","12","4",0.753333333333333,0.176991150442478
"166","2e9bcba0-31d6-48ef-9ec8-04ccbc838ff9","12","5",0.664473684210526,0.821782178217822
"167","2e9bcba0-31d6-48ef-9ec8-04ccbc838ff9","12","7",0.814569536423841,0.975609756097561
"168","2e9bcba0-31d6-48ef-9ec8-04ccbc838ff9","12","9",0.861842105263158,0.0305343511450382
"169","2e9bcba0-31d6-48ef-9ec8-04ccbc838ff9","12","10",0.972677595628415,0.264044943820225
"170","2f9f948f-d9da-40f2-b5b1-247207217245","12","1",0.98,0.952380952380952
"171","2f9f948f-d9da-40f2-b5b1-247207217245","12","2",0.946666666666667,0.654929577464789
"172","2f9f948f-d9da-40f2-b5b1-247207217245","12","4",0.94,0.75886524822695
"173","2f9f948f-d9da-40f2-b5b1-247207217245","12","6",0.900662251655629,0.779411764705882
"174","2f9f948f-d9da-40f2-b5b1-247207217245","12","7",0.993377483443709,0.753333333333333
"175","2f9f948f-d9da-40f2-b5b1-247207217245","12","8",0.89261744966443,0.511278195488722
"176","2f9f948f-d9da-40f2-b5b1-247207217245","12","9",0.75,0.798245614035088
"177","2f9f948f-d9da-40f2-b5b1-247207217245","12","10",0.939890710382514,0.883720930232558
"178","31166c21-7fcb-4d7f-b606-1ce38fbea56f","6","2",0.973333333333333,0.219178082191781
"179","31166c21-7fcb-4d7f-b606-1ce38fbea56f","6","3",0.979865771812081,0.520547945205479
"180","31166c21-7fcb-4d7f-b606-1ce38fbea56f","6","4",0.973333333333333,0.767123287671233
"181","31166c21-7fcb-4d7f-b606-1ce38fbea56f","6","5",0.894736842105263,0.904411764705882
"182","31166c21-7fcb-4d7f-b606-1ce38fbea56f","6","6",0.788079470198676,0.151260504201681
"183","31166c21-7fcb-4d7f-b606-1ce38fbea56f","6","8",0.993288590604027,0.716216216216216
"184","31166c21-7fcb-4d7f-b606-1ce38fbea56f","6","9",0.967105263157895,0.73469387755102
"185","31166c21-7fcb-4d7f-b606-1ce38fbea56f","6","10",0.939890710382514,0.947674418604651
"186","3253da16-238b-4f45-8610-dff84aa897d4","6","1",0.933333333333333,0.95
"187","3253da16-238b-4f45-8610-dff84aa897d4","6","2",0.66,0.0202020202020202
"188","3253da16-238b-4f45-8610-dff84aa897d4","6","3",0.979865771812081,0.938356164383562
"189","3253da16-238b-4f45-8610-dff84aa897d4","6","4",0.833333333333333,0.624
"190","3253da16-238b-4f45-8610-dff84aa897d4","6","5",0.881578947368421,0.783582089552239
"191","3253da16-238b-4f45-8610-dff84aa897d4","6","7",0.384105960264901,0.620689655172414
"192","3253da16-238b-4f45-8610-dff84aa897d4","6","8",0.838926174496644,0.936
"193","3253da16-238b-4f45-8610-dff84aa897d4","6","10",0.644808743169399,0.85593220338983
"194","32a3fdb2-05a7-4f95-9252-306bb9ee470f","6","2",0.873333333333333,0.595419847328244
"195","32a3fdb2-05a7-4f95-9252-306bb9ee470f","6","3",0.758389261744966,0.893805309734513
"196","32a3fdb2-05a7-4f95-9252-306bb9ee470f","6","4",0.973333333333333,0.623287671232877
"197","32a3fdb2-05a7-4f95-9252-306bb9ee470f","6","5",0.947368421052632,0.875
"198","32a3fdb2-05a7-4f95-9252-306bb9ee470f","6","6",0.801324503311258,0.520661157024793
"199","32a3fdb2-05a7-4f95-9252-306bb9ee470f","6","7",0.768211920529801,0.887931034482759
"200","32a3fdb2-05a7-4f95-9252-306bb9ee470f","6","8",0.89261744966443,0.56390977443609
"201","32a3fdb2-05a7-4f95-9252-306bb9ee470f","6","9",0.480263157894737,0.986301369863014
"202","32a3fdb2-05a7-4f95-9252-306bb9ee470f","6","10",0.890710382513661,0.883435582822086
"203","33f4dfee-b330-49b3-a70d-c5497436bfe9","12","5",0.776315789473684,0.0169491525423729
"204","33f4dfee-b330-49b3-a70d-c5497436bfe9","12","6",0.860927152317881,0.269230769230769
"205","33f4dfee-b330-49b3-a70d-c5497436bfe9","12","7",0.95364238410596,0.222222222222222
"206","33f4dfee-b330-49b3-a70d-c5497436bfe9","12","8",0.966442953020134,0.854166666666667
"207","33f4dfee-b330-49b3-a70d-c5497436bfe9","12","9",0.986842105263158,0.286666666666667
"208","388e70f5-902e-4197-9bf0-61e5f32de097","12","1",0.846666666666667,0.606299212598425
"209","388e70f5-902e-4197-9bf0-61e5f32de097","12","2",0.88,0.68939393939394
"210","388e70f5-902e-4197-9bf0-61e5f32de097","12","3",0.906040268456376,0.637037037037037
"211","388e70f5-902e-4197-9bf0-61e5f32de097","12","4",0.92,0.384057971014493
"212","388e70f5-902e-4197-9bf0-61e5f32de097","12","5",0.881578947368421,0.947761194029851
"213","388e70f5-902e-4197-9bf0-61e5f32de097","12","6",0.827814569536424,0.696
"214","388e70f5-902e-4197-9bf0-61e5f32de097","12","7",0.768211920529801,0.862068965517241
"215","388e70f5-902e-4197-9bf0-61e5f32de097","12","8",0.885906040268456,0.393939393939394
"216","388e70f5-902e-4197-9bf0-61e5f32de097","12","9",0.953947368421053,0.158620689655172
"217","388e70f5-902e-4197-9bf0-61e5f32de097","12","10",0.743169398907104,0.794117647058823
"218","47306b3d-3f47-4fa4-853f-d4adbd50ba6c","6","1",0.96,0.736111111111111
"219","47306b3d-3f47-4fa4-853f-d4adbd50ba6c","6","2",0.966666666666667,0.620689655172414
"220","47306b3d-3f47-4fa4-853f-d4adbd50ba6c","6","3",0.986577181208054,0.517006802721088
"221","47306b3d-3f47-4fa4-853f-d4adbd50ba6c","6","4",1,0.506666666666667
"222","47306b3d-3f47-4fa4-853f-d4adbd50ba6c","6","5",0.967105263157895,0.816326530612245
"223","47306b3d-3f47-4fa4-853f-d4adbd50ba6c","6","6",0.635761589403974,0.385416666666667
"224","47306b3d-3f47-4fa4-853f-d4adbd50ba6c","6","7",0.384105960264901,0.810344827586207
"225","47306b3d-3f47-4fa4-853f-d4adbd50ba6c","6","8",0.932885906040268,0.640287769784173
"226","484c17b3-9364-461b-80e7-1e3a2715ee8e","12","2",0.86,0.511627906976744
"227","484c17b3-9364-461b-80e7-1e3a2715ee8e","12","3",0.785234899328859,0.555555555555556
"228","484c17b3-9364-461b-80e7-1e3a2715ee8e","12","4",0.78,0.564102564102564
"229","484c17b3-9364-461b-80e7-1e3a2715ee8e","12","5",0.782894736842105,0.966386554621849
"230","484c17b3-9364-461b-80e7-1e3a2715ee8e","12","6",0.933774834437086,0.574468085106383
"231","484c17b3-9364-461b-80e7-1e3a2715ee8e","12","7",0.52317880794702,0.734177215189873
"232","484c17b3-9364-461b-80e7-1e3a2715ee8e","12","8",0.624161073825503,0.483870967741935
"233","4e025f99-b4fa-41d9-8ad9-824b9d88d2d9","6","2",0.893333333333333,0.261194029850746
"234","4e025f99-b4fa-41d9-8ad9-824b9d88d2d9","6","3",0.838926174496644,0.112
"235","4e025f99-b4fa-41d9-8ad9-824b9d88d2d9","6","4",0.966666666666667,0.779310344827586
"236","4e025f99-b4fa-41d9-8ad9-824b9d88d2d9","6","5",0.881578947368421,0.664179104477612
"237","4e025f99-b4fa-41d9-8ad9-824b9d88d2d9","6","6",0.966887417218543,0.136986301369863
"238","4e025f99-b4fa-41d9-8ad9-824b9d88d2d9","6","7",0.894039735099338,0.444444444444444
"239","4e025f99-b4fa-41d9-8ad9-824b9d88d2d9","6","8",0.966442953020134,0.5
"240","4e025f99-b4fa-41d9-8ad9-824b9d88d2d9","6","9",0.986842105263158,0.68
"241","4e025f99-b4fa-41d9-8ad9-824b9d88d2d9","6","10",0.666666666666667,0.778688524590164
"242","500df8d0-a283-43bd-b60b-dd291f0484b0","12","1",0.86,0.674418604651163
"243","500df8d0-a283-43bd-b60b-dd291f0484b0","12","2",0.853333333333333,0.3984375
"244","500df8d0-a283-43bd-b60b-dd291f0484b0","12","3",0.973154362416107,0.455172413793103
"245","500df8d0-a283-43bd-b60b-dd291f0484b0","12","4",0.926666666666667,0.741007194244604
"246","500df8d0-a283-43bd-b60b-dd291f0484b0","12","5",0.776315789473684,0.830508474576271
"247","500df8d0-a283-43bd-b60b-dd291f0484b0","12","6",0.940397350993378,0.450704225352113
"248","500df8d0-a283-43bd-b60b-dd291f0484b0","12","7",0.80794701986755,0.770491803278688
"249","500df8d0-a283-43bd-b60b-dd291f0484b0","12","8",0.76510067114094,0.219298245614035
"250","500df8d0-a283-43bd-b60b-dd291f0484b0","12","9",0.842105263157895,0.703125
"251","500df8d0-a283-43bd-b60b-dd291f0484b0","12","10",0.633879781420765,0.689655172413793
"252","541b92ea-6a83-4026-b6ff-72575cba1785","12","4",0.706666666666667,0.179245283018868
"253","541b92ea-6a83-4026-b6ff-72575cba1785","12","6",0.947019867549669,0.482517482517482
"254","541b92ea-6a83-4026-b6ff-72575cba1785","12","7",0.675496688741722,0.441176470588235
"255","541b92ea-6a83-4026-b6ff-72575cba1785","12","8",0.832214765100671,0.604838709677419
"256","541b92ea-6a83-4026-b6ff-72575cba1785","12","10",0.650273224043716,0.117647058823529
"257","542a740b-12ca-43b1-96a0-6b2c2142d327","6","1",0.966666666666667,0.917241379310345
"258","542a740b-12ca-43b1-96a0-6b2c2142d327","6","2",0.98,0.17687074829932
"259","542a740b-12ca-43b1-96a0-6b2c2142d327","6","3",0.973154362416107,0.468965517241379
"260","542a740b-12ca-43b1-96a0-6b2c2142d327","6","4",0.886666666666667,0.443609022556391
"261","542a740b-12ca-43b1-96a0-6b2c2142d327","6","5",0.480263157894737,0.876712328767123
"262","542a740b-12ca-43b1-96a0-6b2c2142d327","6","6",0.90728476821192,0.591240875912409
"263","542a740b-12ca-43b1-96a0-6b2c2142d327","6","7",0.973509933774834,0.850340136054422
"264","542a740b-12ca-43b1-96a0-6b2c2142d327","6","8",0.758389261744966,0.309734513274336
"265","542a740b-12ca-43b1-96a0-6b2c2142d327","6","9",0.572368421052632,0.770114942528736
"266","542a740b-12ca-43b1-96a0-6b2c2142d327","6","10",0.666666666666667,0.540983606557377
"267","5695668c-eb3e-4156-8fe9-8c8615c26a4a","12","1",0.946666666666667,0.746478873239437
"268","5695668c-eb3e-4156-8fe9-8c8615c26a4a","12","2",0.933333333333333,0.678571428571429
"269","5695668c-eb3e-4156-8fe9-8c8615c26a4a","12","3",0.973154362416107,0.848275862068966
"270","5695668c-eb3e-4156-8fe9-8c8615c26a4a","12","4",0.953333333333333,0.699300699300699
"271","5695668c-eb3e-4156-8fe9-8c8615c26a4a","12","5",0.953947368421053,0.806896551724138
"272","5695668c-eb3e-4156-8fe9-8c8615c26a4a","12","6",0.860927152317881,0.884615384615385
"273","5695668c-eb3e-4156-8fe9-8c8615c26a4a","12","7",0.947019867549669,0.664335664335664
"274","5695668c-eb3e-4156-8fe9-8c8615c26a4a","12","8",0.899328859060403,0.671641791044776
"275","5695668c-eb3e-4156-8fe9-8c8615c26a4a","12","9",0.572368421052632,0.379310344827586
"276","5695668c-eb3e-4156-8fe9-8c8615c26a4a","12","10",0.382513661202186,0.957142857142857
"277","5864ecf2-7993-4712-9177-f4feeab105ea","12","1",0.973333333333333,0.808219178082192
"278","5864ecf2-7993-4712-9177-f4feeab105ea","12","2",0.84,0.5
"279","5864ecf2-7993-4712-9177-f4feeab105ea","12","3",0.973154362416107,0.296551724137931
"280","5864ecf2-7993-4712-9177-f4feeab105ea","12","4",0.953333333333333,0.223776223776224
"281","5864ecf2-7993-4712-9177-f4feeab105ea","12","5",0.980263157894737,0.147651006711409
"282","5864ecf2-7993-4712-9177-f4feeab105ea","12","6",0.986754966887417,0.825503355704698
"283","5864ecf2-7993-4712-9177-f4feeab105ea","12","7",0.95364238410596,0.972222222222222
"284","5864ecf2-7993-4712-9177-f4feeab105ea","12","8",0.838926174496644,0.824
"285","5864ecf2-7993-4712-9177-f4feeab105ea","12","9",0.776315789473684,0.703389830508475
"286","5a7ea095-c369-46ce-9b7e-5538504dce52","6","2",0.98,0.850340136054422
"287","5a7ea095-c369-46ce-9b7e-5538504dce52","6","3",0.865771812080537,0.75968992248062
"288","5a7ea095-c369-46ce-9b7e-5538504dce52","6","4",0.9,0.392592592592593
"289","5a7ea095-c369-46ce-9b7e-5538504dce52","6","5",0.907894736842105,0.898550724637681
"290","5a7ea095-c369-46ce-9b7e-5538504dce52","6","6",0.894039735099338,0.422222222222222
"291","5a7ea095-c369-46ce-9b7e-5538504dce52","6","7",0.960264900662252,0.910344827586207
"292","5a7ea095-c369-46ce-9b7e-5538504dce52","6","10",0.836065573770492,0.751633986928105
"293","5caf21a7-a5ec-4bdc-828b-dfa5f3aaba31","6","2",0.546666666666667,0.207317073170732
"294","5caf21a7-a5ec-4bdc-828b-dfa5f3aaba31","6","5",0.552631578947368,0.857142857142857
"295","5caf21a7-a5ec-4bdc-828b-dfa5f3aaba31","6","7",0.635761589403974,0.583333333333333
"296","5caf21a7-a5ec-4bdc-828b-dfa5f3aaba31","6","10",0.73224043715847,0.0746268656716418
"297","5ec484d7-b2e0-47ab-ab9a-34290f15cfcc","12","1",0.9,0.874074074074074
"298","5ec484d7-b2e0-47ab-ab9a-34290f15cfcc","12","2",0.746666666666667,0.491071428571429
"299","5ec484d7-b2e0-47ab-ab9a-34290f15cfcc","12","4",0.933333333333333,0.257142857142857
"300","5ec484d7-b2e0-47ab-ab9a-34290f15cfcc","12","5",0.980263157894737,0.953020134228188
"301","5ec484d7-b2e0-47ab-ab9a-34290f15cfcc","12","6",0.920529801324503,0.676258992805755
"302","5ec484d7-b2e0-47ab-ab9a-34290f15cfcc","12","7",0.920529801324503,0.942446043165468
"303","5ec484d7-b2e0-47ab-ab9a-34290f15cfcc","12","8",0.87248322147651,0.561538461538462
"304","5ec484d7-b2e0-47ab-ab9a-34290f15cfcc","12","9",0.789473684210526,0.816666666666667
"305","5ec484d7-b2e0-47ab-ab9a-34290f15cfcc","12","10",0.792349726775956,0.682758620689655
"306","623e1a76-c6b1-4069-a73e-d24df01bc069","12","1",0.873333333333333,0.290076335877863
"307","623e1a76-c6b1-4069-a73e-d24df01bc069","12","2",0.886666666666667,0.300751879699248
"308","623e1a76-c6b1-4069-a73e-d24df01bc069","12","3",0.751677852348993,0.732142857142857
"309","623e1a76-c6b1-4069-a73e-d24df01bc069","12","4",0.773333333333333,0.258620689655172
"310","623e1a76-c6b1-4069-a73e-d24df01bc069","12","5",0.644736842105263,0.571428571428571
"311","623e1a76-c6b1-4069-a73e-d24df01bc069","12","6",0.860927152317881,0.976923076923077
"312","623e1a76-c6b1-4069-a73e-d24df01bc069","12","7",0.662251655629139,0.68
"313","623e1a76-c6b1-4069-a73e-d24df01bc069","12","8",0.966442953020134,0.847222222222222
"314","623e1a76-c6b1-4069-a73e-d24df01bc069","12","9",0.94078947368421,0.958041958041958
"315","623e1a76-c6b1-4069-a73e-d24df01bc069","12","10",0.748633879781421,0.64963503649635
"316","6cc17b70-29de-481b-8672-f70a2428e0f9","6","1",0.666666666666667,0.36
"317","6cc17b70-29de-481b-8672-f70a2428e0f9","6","3",0.409395973154362,0.786885245901639
"318","6cc17b70-29de-481b-8672-f70a2428e0f9","6","4",0.58,0.758620689655172
"319","6cc17b70-29de-481b-8672-f70a2428e0f9","6","5",0.763157894736842,0.974137931034483
"320","6cc17b70-29de-481b-8672-f70a2428e0f9","6","6",0.854304635761589,0.387596899224806
"321","6cc17b70-29de-481b-8672-f70a2428e0f9","6","7",0.768211920529801,0.922413793103448
"322","6cc17b70-29de-481b-8672-f70a2428e0f9","6","8",0.496644295302013,0.689189189189189
"323","6cc17b70-29de-481b-8672-f70a2428e0f9","6","9",0.480263157894737,0.0958904109589041
"324","6cc17b70-29de-481b-8672-f70a2428e0f9","6","10",0.639344262295082,0.683760683760684
"325","8027ff65-17d3-4496-a0f3-e4feeaee5ffe","12","1",0.853333333333333,0.5703125
"326","8027ff65-17d3-4496-a0f3-e4feeaee5ffe","12","2",0.753333333333333,0.424778761061947
"327","8027ff65-17d3-4496-a0f3-e4feeaee5ffe","12","3",0.738255033557047,0.872727272727273
"328","8027ff65-17d3-4496-a0f3-e4feeaee5ffe","12","4",0.706666666666667,0.547169811320755
"329","8027ff65-17d3-4496-a0f3-e4feeaee5ffe","12","5",0.539473684210526,0.682926829268293
"330","8027ff65-17d3-4496-a0f3-e4feeaee5ffe","12","6",0.576158940397351,0.977011494252874
"331","8027ff65-17d3-4496-a0f3-e4feeaee5ffe","12","7",0.655629139072848,0.565656565656566
"332","8027ff65-17d3-4496-a0f3-e4feeaee5ffe","12","8",0.865771812080537,0.705426356589147
"333","82e131df-e2ce-47da-9b19-990c27fa04a7","12","1",0.833333333333333,0.952
"334","82e131df-e2ce-47da-9b19-990c27fa04a7","12","2",0.873333333333333,0.564885496183206
"335","82e131df-e2ce-47da-9b19-990c27fa04a7","12","3",0.879194630872483,0.694656488549618
"336","82e131df-e2ce-47da-9b19-990c27fa04a7","12","4",0.646666666666667,0.608247422680412
"337","82e131df-e2ce-47da-9b19-990c27fa04a7","12","5",0.875,0.639097744360902
"338","82e131df-e2ce-47da-9b19-990c27fa04a7","12","6",0.662251655629139,0.41
"339","82e131df-e2ce-47da-9b19-990c27fa04a7","12","7",0.847682119205298,0.828125
"340","82e131df-e2ce-47da-9b19-990c27fa04a7","12","8",0.852348993288591,0.755905511811024
"341","82e131df-e2ce-47da-9b19-990c27fa04a7","12","9",0.973684210526316,0.966216216216216
"342","82e131df-e2ce-47da-9b19-990c27fa04a7","12","10",0.825136612021858,0.834437086092715
"343","84d5c1e5-cadb-46dd-aca5-1a906e3916ca","12","1",0.94,0.801418439716312
"344","84d5c1e5-cadb-46dd-aca5-1a906e3916ca","12","2",0.94,0.602836879432624
"345","84d5c1e5-cadb-46dd-aca5-1a906e3916ca","12","3",0.979865771812081,0.842465753424658
"346","84d5c1e5-cadb-46dd-aca5-1a906e3916ca","12","4",0.993333333333333,0.751677852348993
"347","84d5c1e5-cadb-46dd-aca5-1a906e3916ca","12","5",0.960526315789474,0.821917808219178
"348","84d5c1e5-cadb-46dd-aca5-1a906e3916ca","12","6",0.947019867549669,0.643356643356643
"349","84d5c1e5-cadb-46dd-aca5-1a906e3916ca","12","7",0.993377483443709,0.84
"350","84d5c1e5-cadb-46dd-aca5-1a906e3916ca","12","8",0.966442953020134,0.652777777777778
"351","84d5c1e5-cadb-46dd-aca5-1a906e3916ca","12","9",0.947368421052632,0.868055555555556
"352","84d5c1e5-cadb-46dd-aca5-1a906e3916ca","12","10",0.885245901639344,0.969135802469136
"353","87596fb5-e33a-4991-961b-e3f5a3ea080f","6","2",0.926666666666667,0.503597122302158
"354","87596fb5-e33a-4991-961b-e3f5a3ea080f","6","4",0.946666666666667,0.697183098591549
"355","87596fb5-e33a-4991-961b-e3f5a3ea080f","6","5",0.967105263157895,0.82312925170068
"356","87596fb5-e33a-4991-961b-e3f5a3ea080f","6","6",0.642384105960265,0.463917525773196
"357","87596fb5-e33a-4991-961b-e3f5a3ea080f","6","7",0.860927152317881,0.838461538461538
"358","87596fb5-e33a-4991-961b-e3f5a3ea080f","6","8",0.939597315436242,0.714285714285714
"359","87596fb5-e33a-4991-961b-e3f5a3ea080f","6","10",0.355191256830601,0.446153846153846
"360","88ff4560-925e-4786-a72a-41dcb62716b6","12","10",0.655737704918033,0.808333333333333
"361","8a362df5-0bae-43b3-a757-fd160cf111aa","6","1",0.846666666666667,0.590551181102362
"362","8a362df5-0bae-43b3-a757-fd160cf111aa","6","2",0.96,0.611111111111111
"363","8a362df5-0bae-43b3-a757-fd160cf111aa","6","3",0.926174496644295,0.478260869565217
"364","8a362df5-0bae-43b3-a757-fd160cf111aa","6","4",0.96,0.506944444444444
"365","8a362df5-0bae-43b3-a757-fd160cf111aa","6","5",0.980263157894737,0.268456375838926
"366","8a362df5-0bae-43b3-a757-fd160cf111aa","6","6",0.966887417218543,0.349315068493151
"367","8a362df5-0bae-43b3-a757-fd160cf111aa","6","7",0.900662251655629,0.551470588235294
"368","8a362df5-0bae-43b3-a757-fd160cf111aa","6","8",0.973154362416107,0.558620689655172
"369","8a362df5-0bae-43b3-a757-fd160cf111aa","6","9",0.953947368421053,0.613793103448276
"370","8a362df5-0bae-43b3-a757-fd160cf111aa","6","10",0.972677595628415,0.584269662921348
"371","924bd4e6-f346-4f1a-9c6b-c6db75dd7afb","6","1",0.9,0.807407407407407
"372","924bd4e6-f346-4f1a-9c6b-c6db75dd7afb","6","2",0.873333333333333,0.946564885496183
"373","924bd4e6-f346-4f1a-9c6b-c6db75dd7afb","6","3",0.906040268456376,0.644444444444444
"374","924bd4e6-f346-4f1a-9c6b-c6db75dd7afb","6","4",0.793333333333333,0.663865546218487
"375","924bd4e6-f346-4f1a-9c6b-c6db75dd7afb","6","5",0.598684210526316,0.318681318681319
"376","924bd4e6-f346-4f1a-9c6b-c6db75dd7afb","6","6",0.834437086092715,0.285714285714286
"377","924bd4e6-f346-4f1a-9c6b-c6db75dd7afb","6","7",0.874172185430464,0.0757575757575758
"378","924bd4e6-f346-4f1a-9c6b-c6db75dd7afb","6","8",0.671140939597315,0.89
"379","924bd4e6-f346-4f1a-9c6b-c6db75dd7afb","6","9",0.427631578947368,0.138461538461538
"380","948f9377-b3b7-4910-87d6-b64eeee52434","6","2",0.986666666666667,0.668918918918919
"381","948f9377-b3b7-4910-87d6-b64eeee52434","6","3",0.973154362416107,0.786206896551724
"382","948f9377-b3b7-4910-87d6-b64eeee52434","6","4",0.746666666666667,0.660714285714286
"383","948f9377-b3b7-4910-87d6-b64eeee52434","6","6",0.887417218543046,0.686567164179104
"384","948f9377-b3b7-4910-87d6-b64eeee52434","6","7",1,0.76158940397351
"385","948f9377-b3b7-4910-87d6-b64eeee52434","6","8",0.973154362416107,0.641379310344828
"386","948f9377-b3b7-4910-87d6-b64eeee52434","6","10",0.983606557377049,0.761111111111111
"387","95b2ce0f-c3c6-4de4-8d32-9f050ab5c501","6","1",0.866666666666667,0.753846153846154
"388","95b2ce0f-c3c6-4de4-8d32-9f050ab5c501","6","2",0.92,0.485507246376812
"389","95b2ce0f-c3c6-4de4-8d32-9f050ab5c501","6","3",0.953020134228188,0.436619718309859
"390","95b2ce0f-c3c6-4de4-8d32-9f050ab5c501","6","4",0.94,0.26241134751773
"391","95b2ce0f-c3c6-4de4-8d32-9f050ab5c501","6","5",0.960526315789474,0.397260273972603
"392","95b2ce0f-c3c6-4de4-8d32-9f050ab5c501","6","6",0.814569536423841,0.520325203252033
"393","95b2ce0f-c3c6-4de4-8d32-9f050ab5c501","6","7",0.788079470198676,0.529411764705882
"394","95b2ce0f-c3c6-4de4-8d32-9f050ab5c501","6","8",0.939597315436242,0.55
"395","95b2ce0f-c3c6-4de4-8d32-9f050ab5c501","6","9",0.710526315789474,0.888888888888889
"396","95b2ce0f-c3c6-4de4-8d32-9f050ab5c501","6","10",0.546448087431694,0.55
"397","96525cba-df8a-4248-90f6-220441592b0e","12","1",0.84,0.825396825396825
"398","96525cba-df8a-4248-90f6-220441592b0e","12","2",0.8,0.608333333333333
"399","96525cba-df8a-4248-90f6-220441592b0e","12","3",0.671140939597315,0.77
"400","96525cba-df8a-4248-90f6-220441592b0e","12","4",0.746666666666667,0.669642857142857
"401","96525cba-df8a-4248-90f6-220441592b0e","12","6",0.847682119205298,0.796875
"402","96525cba-df8a-4248-90f6-220441592b0e","12","7",0.781456953642384,0.838983050847458
"403","96525cba-df8a-4248-90f6-220441592b0e","12","8",0.570469798657718,0.741176470588235
"404","96525cba-df8a-4248-90f6-220441592b0e","12","10",0.693989071038251,0.637795275590551
"405","9ad57cbc-f883-4b58-9b99-63e64c2bf71e","12","1",0.833333333333333,0.904
"406","9ad57cbc-f883-4b58-9b99-63e64c2bf71e","12","2",0.353333333333333,0.679245283018868
"407","9ad57cbc-f883-4b58-9b99-63e64c2bf71e","12","5",0.414473684210526,0.26984126984127
"408","9ad57cbc-f883-4b58-9b99-63e64c2bf71e","12","9",0.625,0.126315789473684
"409","9fd3fdc0-0d1d-4684-8567-479616056287","6","1",0.853333333333333,0.7578125
"410","9fd3fdc0-0d1d-4684-8567-479616056287","6","4",0.873333333333333,0.366412213740458
"411","9fd3fdc0-0d1d-4684-8567-479616056287","6","5",0.973684210526316,0.385135135135135
"412","9fd3fdc0-0d1d-4684-8567-479616056287","6","6",0.403973509933775,0.163934426229508
"413","9fd3fdc0-0d1d-4684-8567-479616056287","6","7",0.642384105960265,0.56701030927835
"414","9fd3fdc0-0d1d-4684-8567-479616056287","6","8",0.785234899328859,0.606837606837607
"415","9fd3fdc0-0d1d-4684-8567-479616056287","6","9",0.519736842105263,0.569620253164557
"416","9fd3fdc0-0d1d-4684-8567-479616056287","6","10",0.508196721311475,0.720430107526882
"417","9fd4e3f9-ea8a-48df-a526-04bdbc59ac79","12","2",0.893333333333333,0.634328358208955
"418","9fd4e3f9-ea8a-48df-a526-04bdbc59ac79","12","3",0.805369127516778,0.983333333333333
"419","9fd4e3f9-ea8a-48df-a526-04bdbc59ac79","12","4",0.986666666666667,0.675675675675676
"420","9fd4e3f9-ea8a-48df-a526-04bdbc59ac79","12","6",0.986754966887417,0.671140939597315
"421","9fd4e3f9-ea8a-48df-a526-04bdbc59ac79","12","7",0.986754966887417,0.731543624161074
"422","9fd4e3f9-ea8a-48df-a526-04bdbc59ac79","12","8",0.979865771812081,0.671232876712329
"423","9fd4e3f9-ea8a-48df-a526-04bdbc59ac79","12","9",0.697368421052632,0.905660377358491
"424","9fd4e3f9-ea8a-48df-a526-04bdbc59ac79","12","10",0.961748633879781,0.795454545454545
"425","a41efa95-31e9-4d20-ac63-5662316bd7e5","6","1",0.693333333333333,0.355769230769231
"426","a41efa95-31e9-4d20-ac63-5662316bd7e5","6","2",0.753333333333333,0.539823008849557
"427","a41efa95-31e9-4d20-ac63-5662316bd7e5","6","3",0.664429530201342,0.565656565656566
"428","a41efa95-31e9-4d20-ac63-5662316bd7e5","6","4",0.573333333333333,0.313953488372093
"429","a41efa95-31e9-4d20-ac63-5662316bd7e5","6","5",0.631578947368421,0.416666666666667
"430","a4731982-01e9-4848-a2f0-a62d433a2ff1","6","1",0.873333333333333,0.778625954198473
"431","a4731982-01e9-4848-a2f0-a62d433a2ff1","6","2",0.893333333333333,0.686567164179104
"432","a4731982-01e9-4848-a2f0-a62d433a2ff1","6","4",0.72,0.351851851851852
"433","a4731982-01e9-4848-a2f0-a62d433a2ff1","6","5",0.921052631578947,0.657142857142857
"434","a4731982-01e9-4848-a2f0-a62d433a2ff1","6","6",0.947019867549669,0.433566433566434
"435","a4731982-01e9-4848-a2f0-a62d433a2ff1","6","7",0.966887417218543,0.897260273972603
"436","a4731982-01e9-4848-a2f0-a62d433a2ff1","6","8",0.939597315436242,0.628571428571429
"437","a4731982-01e9-4848-a2f0-a62d433a2ff1","6","9",0.625,0.705263157894737
"438","a4731982-01e9-4848-a2f0-a62d433a2ff1","6","10",0.950819672131147,0.896551724137931
"439","a5dedd8f-fc40-40d4-a794-01c2637fc2ce","12","1",0.826666666666667,0.846774193548387
"440","a5dedd8f-fc40-40d4-a794-01c2637fc2ce","12","2",0.926666666666667,0.762589928057554
"441","a5dedd8f-fc40-40d4-a794-01c2637fc2ce","12","3",0.932885906040268,0.776978417266187
"442","a5dedd8f-fc40-40d4-a794-01c2637fc2ce","12","4",0.953333333333333,0.335664335664336
"443","a5dedd8f-fc40-40d4-a794-01c2637fc2ce","12","5",0.980263157894737,0.738255033557047
"444","a5dedd8f-fc40-40d4-a794-01c2637fc2ce","12","6",0.960264900662252,0.296551724137931
"445","a5dedd8f-fc40-40d4-a794-01c2637fc2ce","12","8",0.825503355704698,0.691056910569106
"446","a5dedd8f-fc40-40d4-a794-01c2637fc2ce","12","10",0.885245901639344,0.753086419753086
"447","a8aae5c6-ec9b-4dfd-a9c1-4f5976d2d60f","6","1",0.893333333333333,0.985074626865672
"448","a8aae5c6-ec9b-4dfd-a9c1-4f5976d2d60f","6","2",0.946666666666667,0.394366197183099
"449","a8aae5c6-ec9b-4dfd-a9c1-4f5976d2d60f","6","3",0.859060402684564,0.9609375
"450","a8aae5c6-ec9b-4dfd-a9c1-4f5976d2d60f","6","4",0.786666666666667,0.610169491525424
"451","a8aae5c6-ec9b-4dfd-a9c1-4f5976d2d60f","6","5",0.822368421052632,0.744
"452","a8aae5c6-ec9b-4dfd-a9c1-4f5976d2d60f","6","6",0.576158940397351,0.71264367816092
"453","a8aae5c6-ec9b-4dfd-a9c1-4f5976d2d60f","6","7",0.867549668874172,0.923664122137405
"454","a8aae5c6-ec9b-4dfd-a9c1-4f5976d2d60f","6","8",0.791946308724832,0.779661016949153
"455","a8aae5c6-ec9b-4dfd-a9c1-4f5976d2d60f","6","9",0.611842105263158,0.451612903225806
"456","a8aae5c6-ec9b-4dfd-a9c1-4f5976d2d60f","6","10",0.743169398907104,0.963235294117647
"457","aac0690d-0aa0-4ba1-923c-8d11717f228b","12","1",0.58,0.896551724137931
"458","aac0690d-0aa0-4ba1-923c-8d11717f228b","12","3",0.557046979865772,0.746987951807229
"459","aac0690d-0aa0-4ba1-923c-8d11717f228b","12","4",0.473333333333333,0.859154929577465
"460","aac0690d-0aa0-4ba1-923c-8d11717f228b","12","6",0.841059602649007,0.700787401574803
"461","aac0690d-0aa0-4ba1-923c-8d11717f228b","12","7",0.52317880794702,0.873417721518987
"462","aac0690d-0aa0-4ba1-923c-8d11717f228b","12","8",0.48993288590604,0.493150684931507
"463","ad5bf6d6-7ae2-4b4d-b102-d8406e77c167","6","2",0.953333333333333,0.51048951048951
"464","ad5bf6d6-7ae2-4b4d-b102-d8406e77c167","6","3",0.953020134228188,0.753521126760563
"465","ad5bf6d6-7ae2-4b4d-b102-d8406e77c167","6","4",0.88,0.356060606060606
"466","ad5bf6d6-7ae2-4b4d-b102-d8406e77c167","6","5",0.894736842105263,0.683823529411765
"467","ad5bf6d6-7ae2-4b4d-b102-d8406e77c167","6","6",0.450331125827815,0.0147058823529412
"468","ad5bf6d6-7ae2-4b4d-b102-d8406e77c167","6","8",0.959731543624161,0.671328671328671
"469","ad5bf6d6-7ae2-4b4d-b102-d8406e77c167","6","9",0.664473684210526,0.871287128712871
"470","ad5bf6d6-7ae2-4b4d-b102-d8406e77c167","6","10",0.896174863387978,0.774390243902439
"471","ae4de261-f5e7-4282-817b-71d298e6ccec","12","1",0.66,0.828282828282828
"472","ae4de261-f5e7-4282-817b-71d298e6ccec","12","2",0.92,0.615942028985507
"473","ae4de261-f5e7-4282-817b-71d298e6ccec","12","3",0.953020134228188,0.746478873239437
"474","ae4de261-f5e7-4282-817b-71d298e6ccec","12","4",0.886666666666667,0.398496240601504
"475","ae4de261-f5e7-4282-817b-71d298e6ccec","12","5",0.973684210526316,0.851351351351351
"476","ae4de261-f5e7-4282-817b-71d298e6ccec","12","6",0.960264900662252,0.303448275862069
"477","ae4de261-f5e7-4282-817b-71d298e6ccec","12","7",0.927152317880795,0.457142857142857
"478","ae4de261-f5e7-4282-817b-71d298e6ccec","12","8",0.906040268456376,0.525925925925926
"479","ae4de261-f5e7-4282-817b-71d298e6ccec","12","9",0.967105263157895,0.938775510204082
"480","ae4de261-f5e7-4282-817b-71d298e6ccec","12","10",0.956284153005464,0.685714285714286
"481","b3281ac1-0414-4b63-884a-00770a2c0498","6","1",0.8,0.641666666666667
"482","b3281ac1-0414-4b63-884a-00770a2c0498","6","2",0.893333333333333,0.791044776119403
"483","b3281ac1-0414-4b63-884a-00770a2c0498","6","3",0.899328859060403,0.962686567164179
"484","b3281ac1-0414-4b63-884a-00770a2c0498","6","4",0.52,0.487179487179487
"485","b3281ac1-0414-4b63-884a-00770a2c0498","6","5",0.394736842105263,0.916666666666667
"486","b3281ac1-0414-4b63-884a-00770a2c0498","6","6",0.52317880794702,0.379746835443038
"487","b3281ac1-0414-4b63-884a-00770a2c0498","6","7",0.801324503311258,0.793388429752066
"488","b3281ac1-0414-4b63-884a-00770a2c0498","6","8",0.87248322147651,0.638461538461538
"489","b3281ac1-0414-4b63-884a-00770a2c0498","6","10",0.540983606557377,0.767676767676768
"490","b75d59f9-2eb2-464a-872c-c8191db86003","12","1",0.94,0.0567375886524823
"491","b75d59f9-2eb2-464a-872c-c8191db86003","12","2",0.74,0.0810810810810811
"492","b75d59f9-2eb2-464a-872c-c8191db86003","12","3",0.812080536912752,0.454545454545455
"493","b75d59f9-2eb2-464a-872c-c8191db86003","12","4",0.933333333333333,0.00714285714285714
"494","b75d59f9-2eb2-464a-872c-c8191db86003","12","5",0.335526315789474,0.843137254901961
"495","b9679102-1cee-4edb-9cd4-00f0aba34ed2","6","2",0.946666666666667,0.316901408450704
"496","b9679102-1cee-4edb-9cd4-00f0aba34ed2","6","3",0.912751677852349,0.536764705882353
"497","b9679102-1cee-4edb-9cd4-00f0aba34ed2","6","4",0.98,0.374149659863946
"498","b9679102-1cee-4edb-9cd4-00f0aba34ed2","6","5",0.986842105263158,0.726666666666667
"499","b9679102-1cee-4edb-9cd4-00f0aba34ed2","6","6",0.966887417218543,0.308219178082192
"500","b9679102-1cee-4edb-9cd4-00f0aba34ed2","6","8",0.986577181208054,0.27891156462585
"501","b9679102-1cee-4edb-9cd4-00f0aba34ed2","6","9",0.927631578947368,0.971631205673759
"502","b9679102-1cee-4edb-9cd4-00f0aba34ed2","6","10",0.792349726775956,0.751724137931034
"503","be476632-1647-4ae8-8497-1d82d41d32b6","6","1",0.866666666666667,0.907692307692308
"504","be476632-1647-4ae8-8497-1d82d41d32b6","6","2",0.953333333333333,0.51048951048951
"505","be476632-1647-4ae8-8497-1d82d41d32b6","6","3",0.859060402684564,0.7890625
"506","be476632-1647-4ae8-8497-1d82d41d32b6","6","6",0.642384105960265,0.298969072164948
"507","be476632-1647-4ae8-8497-1d82d41d32b6","6","7",0.827814569536424,0.96
"508","be476632-1647-4ae8-8497-1d82d41d32b6","6","8",0.342281879194631,0.745098039215686
"509","c249ac99-7103-4d9f-a385-6433ef511b7a","6","1",0.846666666666667,0.874015748031496
"510","c249ac99-7103-4d9f-a385-6433ef511b7a","6","2",0.986666666666667,0.547297297297297
"511","c249ac99-7103-4d9f-a385-6433ef511b7a","6","3",0.959731543624161,0.615384615384615
"512","c249ac99-7103-4d9f-a385-6433ef511b7a","6","4",0.993333333333333,0.187919463087248
"513","c249ac99-7103-4d9f-a385-6433ef511b7a","6","5",0.973684210526316,0.648648648648649
"514","c249ac99-7103-4d9f-a385-6433ef511b7a","6","6",0.973509933774834,0.489795918367347
"515","c249ac99-7103-4d9f-a385-6433ef511b7a","6","10",0.551912568306011,0.831683168316832
"516","c2518325-256a-47ae-a0f7-d968e9367e31","12","9",0.578947368421053,0.215909090909091
"517","c2518325-256a-47ae-a0f7-d968e9367e31","12","10",0.540983606557377,0.646464646464647
"518","cd0bcb7f-64fb-4cd3-85eb-74011bc1f834","6","1",0.726666666666667,0.385321100917431
"519","cd0bcb7f-64fb-4cd3-85eb-74011bc1f834","6","2",0.94,0.609929078014184
"520","cd0bcb7f-64fb-4cd3-85eb-74011bc1f834","6","3",0.724832214765101,0.231481481481481
"521","cd0bcb7f-64fb-4cd3-85eb-74011bc1f834","6","4",0.766666666666667,0.191304347826087
"522","cd0bcb7f-64fb-4cd3-85eb-74011bc1f834","6","6",0.589403973509934,0.584269662921348
"523","cd0bcb7f-64fb-4cd3-85eb-74011bc1f834","6","7",0.576158940397351,0.517241379310345
"524","cd0bcb7f-64fb-4cd3-85eb-74011bc1f834","6","9",0.68421052631579,0.528846153846154
"525","cd0bcb7f-64fb-4cd3-85eb-74011bc1f834","6","10",0.360655737704918,0.318181818181818
"526","ce300d6b-aeff-41e2-bdaa-4a5a655aab78","12","1",0.7,0.980952380952381
"527","ce300d6b-aeff-41e2-bdaa-4a5a655aab78","12","2",0.946666666666667,0.683098591549296
"528","ce300d6b-aeff-41e2-bdaa-4a5a655aab78","12","3",0.812080536912752,0.752066115702479
"529","ce300d6b-aeff-41e2-bdaa-4a5a655aab78","12","4",0.906666666666667,0.779411764705882
"530","ce300d6b-aeff-41e2-bdaa-4a5a655aab78","12","7",0.728476821192053,0.972727272727273
"531","ce300d6b-aeff-41e2-bdaa-4a5a655aab78","12","8",0.778523489932886,0.603448275862069
"532","ce300d6b-aeff-41e2-bdaa-4a5a655aab78","12","10",0.939890710382514,0.848837209302326
"533","ce3576ae-b709-4de2-9d36-32dc5df83253","12","2",0.733333333333333,0.218181818181818
"534","ce3576ae-b709-4de2-9d36-32dc5df83253","12","3",0.859060402684564,0.6484375
"535","ce3576ae-b709-4de2-9d36-32dc5df83253","12","4",0.973333333333333,0.705479452054795
"536","ce3576ae-b709-4de2-9d36-32dc5df83253","12","6",0.927152317880795,0.592857142857143
"537","ce3576ae-b709-4de2-9d36-32dc5df83253","12","7",0.913907284768212,0.72463768115942
"538","ce3576ae-b709-4de2-9d36-32dc5df83253","12","8",0.832214765100671,0.451612903225806
"539","ce3576ae-b709-4de2-9d36-32dc5df83253","12","10",0.978142076502732,0.949720670391061
"540","d139f6f2-6b46-45a9-b60b-5d7f1b571c5d","6","1",0.986666666666667,0.878378378378378
"541","d139f6f2-6b46-45a9-b60b-5d7f1b571c5d","6","3",0.966442953020134,0.375
"542","d139f6f2-6b46-45a9-b60b-5d7f1b571c5d","6","5",0.888157894736842,0.577777777777778
"543","d139f6f2-6b46-45a9-b60b-5d7f1b571c5d","6","6",0.966887417218543,0.23972602739726
"544","d139f6f2-6b46-45a9-b60b-5d7f1b571c5d","6","8",0.993288590604027,0.236486486486486
"545","d3bcd095-67fd-4c4f-ba8a-fdc71bf14fa8","6","1",0.946666666666667,0.591549295774648
"546","d3bcd095-67fd-4c4f-ba8a-fdc71bf14fa8","6","2",0.88,0.537878787878788
"547","d3bcd095-67fd-4c4f-ba8a-fdc71bf14fa8","6","3",0.61744966442953,0.0869565217391304
"548","d3bcd095-67fd-4c4f-ba8a-fdc71bf14fa8","6","4",0.733333333333333,0.709090909090909
"549","d3bcd095-67fd-4c4f-ba8a-fdc71bf14fa8","6","5",0.68421052631579,0.653846153846154
"550","d3bcd095-67fd-4c4f-ba8a-fdc71bf14fa8","6","6",0.602649006622517,0.758241758241758
"551","d3bcd095-67fd-4c4f-ba8a-fdc71bf14fa8","6","7",0.860927152317881,0.792307692307692
"552","d3bcd095-67fd-4c4f-ba8a-fdc71bf14fa8","6","9",0.743421052631579,0.929203539823009
"553","d3bcd095-67fd-4c4f-ba8a-fdc71bf14fa8","6","10",0.333333333333333,0.557377049180328
"554","d7947371-1fbc-444b-9f5b-8c93452af17c","12","2",0.906666666666667,0.772058823529412
"555","d7947371-1fbc-444b-9f5b-8c93452af17c","12","3",0.959731543624161,0.671328671328671
"556","d7947371-1fbc-444b-9f5b-8c93452af17c","12","4",0.94,0.74468085106383
"557","d7947371-1fbc-444b-9f5b-8c93452af17c","12","5",0.986842105263158,0.96
"558","d7947371-1fbc-444b-9f5b-8c93452af17c","12","6",0.993377483443709,0.7
"559","d7947371-1fbc-444b-9f5b-8c93452af17c","12","7",0.980132450331126,0.932432432432432
"560","d7947371-1fbc-444b-9f5b-8c93452af17c","12","8",0.979865771812081,0.705479452054795
"561","d7947371-1fbc-444b-9f5b-8c93452af17c","12","9",0.717105263157895,0.834862385321101
"562","d7947371-1fbc-444b-9f5b-8c93452af17c","12","10",0.868852459016393,0.89937106918239
"563","d9c799e8-ffd9-4845-89d1-0e2432e9f25a","12","1",0.36,0.87037037037037
"564","d9c799e8-ffd9-4845-89d1-0e2432e9f25a","12","2",0.38,0.68421052631579
"565","d9c799e8-ffd9-4845-89d1-0e2432e9f25a","12","3",0.402684563758389,0.483333333333333
"566","d9c799e8-ffd9-4845-89d1-0e2432e9f25a","12","6",0.549668874172185,0.192771084337349
"567","d9c799e8-ffd9-4845-89d1-0e2432e9f25a","12","7",0.635761589403974,0.229166666666667
"568","d9c799e8-ffd9-4845-89d1-0e2432e9f25a","12","8",0.476510067114094,0.183098591549296
"569","da02ea62-68b6-4b32-965d-9676bd328193","12","1",0.96,0.784722222222222
"570","da02ea62-68b6-4b32-965d-9676bd328193","12","2",0.86,0.457364341085271
"571","da02ea62-68b6-4b32-965d-9676bd328193","12","3",0.63758389261745,0.842105263157895
"572","da02ea62-68b6-4b32-965d-9676bd328193","12","4",0.966666666666667,0.772413793103448
"573","da02ea62-68b6-4b32-965d-9676bd328193","12","5",0.973684210526316,0.925675675675676
"574","da02ea62-68b6-4b32-965d-9676bd328193","12","6",0.90728476821192,0.671532846715328
"575","da02ea62-68b6-4b32-965d-9676bd328193","12","7",0.966887417218543,0.952054794520548
"576","da02ea62-68b6-4b32-965d-9676bd328193","12","8",0.919463087248322,0.635036496350365
"577","da02ea62-68b6-4b32-965d-9676bd328193","12","9",0.526315789473684,0.9
"578","da02ea62-68b6-4b32-965d-9676bd328193","12","10",0.923497267759563,0.982248520710059
"579","daa9097b-722d-4e57-846a-97a5e548e2ce","6","1",0.74,0.927927927927928
"580","daa9097b-722d-4e57-846a-97a5e548e2ce","6","2",0.626666666666667,0.478723404255319
"581","daa9097b-722d-4e57-846a-97a5e548e2ce","6","3",0.718120805369127,0.130841121495327
"582","daa9097b-722d-4e57-846a-97a5e548e2ce","6","5",0.375,0.947368421052632
"583","daa9097b-722d-4e57-846a-97a5e548e2ce","6","6",0.456953642384106,0.652173913043478
"584","daa9097b-722d-4e57-846a-97a5e548e2ce","6","8",0.557046979865772,0.55421686746988
"585","daa9097b-722d-4e57-846a-97a5e548e2ce","6","9",0.625,0.778947368421053
"586","daa9097b-722d-4e57-846a-97a5e548e2ce","6","10",0.551912568306011,0.594059405940594
"587","dff41178-de67-4642-b884-f99a16e49bb5","12","1",0.813333333333333,0.868852459016393
"588","dff41178-de67-4642-b884-f99a16e49bb5","12","2",0.886666666666667,0.894736842105263
"589","dff41178-de67-4642-b884-f99a16e49bb5","12","4",0.96,0.680555555555556
"590","dff41178-de67-4642-b884-f99a16e49bb5","12","5",0.986842105263158,0.846666666666667
"591","dff41178-de67-4642-b884-f99a16e49bb5","12","7",0.754966887417219,0.763157894736842
"592","dff41178-de67-4642-b884-f99a16e49bb5","12","8",0.959731543624161,0.923076923076923
"593","dff41178-de67-4642-b884-f99a16e49bb5","12","10",0.885245901639344,0.91358024691358
"594","e028c328-ed67-4893-bb83-7b2528bb3c3f","6","1",0.853333333333333,0.59375
"595","e028c328-ed67-4893-bb83-7b2528bb3c3f","6","2",0.953333333333333,0.629370629370629
"596","e028c328-ed67-4893-bb83-7b2528bb3c3f","6","3",0.959731543624161,0.636363636363636
"597","e028c328-ed67-4893-bb83-7b2528bb3c3f","6","4",0.893333333333333,0.544776119402985
"598","e028c328-ed67-4893-bb83-7b2528bb3c3f","6","5",0.960526315789474,0.554794520547945
"599","e028c328-ed67-4893-bb83-7b2528bb3c3f","6","6",0.927152317880795,0.1
"600","e028c328-ed67-4893-bb83-7b2528bb3c3f","6","7",0.960264900662252,0.779310344827586
"601","e028c328-ed67-4893-bb83-7b2528bb3c3f","6","8",0.610738255033557,0.824175824175824
"602","e028c328-ed67-4893-bb83-7b2528bb3c3f","6","9",0.828947368421053,0.880952380952381
"603","e028c328-ed67-4893-bb83-7b2528bb3c3f","6","10",0.901639344262295,0.951515151515152
"604","e18df596-60eb-4e9e-a8eb-0de2cba617dd","12","1",0.953333333333333,0.496503496503497
"605","e18df596-60eb-4e9e-a8eb-0de2cba617dd","12","2",0.74,0.495495495495495
"606","e18df596-60eb-4e9e-a8eb-0de2cba617dd","12","3",0.879194630872483,0.793893129770992
"607","e18df596-60eb-4e9e-a8eb-0de2cba617dd","12","4",0.76,0.473684210526316
"608","e18df596-60eb-4e9e-a8eb-0de2cba617dd","12","5",0.907894736842105,0.869565217391304
"609","e18df596-60eb-4e9e-a8eb-0de2cba617dd","12","6",0.867549668874172,0.595419847328244
"610","e18df596-60eb-4e9e-a8eb-0de2cba617dd","12","7",0.960264900662252,0.710344827586207
"611","e18df596-60eb-4e9e-a8eb-0de2cba617dd","12","8",0.899328859060403,0.664179104477612
"612","e18df596-60eb-4e9e-a8eb-0de2cba617dd","12","9",0.967105263157895,0.918367346938776
"613","e18df596-60eb-4e9e-a8eb-0de2cba617dd","12","10",0.896174863387978,0.646341463414634
"614","e2e233c7-f51c-4508-8c5f-e7382d4b3712","12","1",0.64,0.479166666666667
"615","e2e233c7-f51c-4508-8c5f-e7382d4b3712","12","2",0.673333333333333,0.762376237623762
"616","e2e233c7-f51c-4508-8c5f-e7382d4b3712","12","4",0.92,0.521739130434783
"617","e2e233c7-f51c-4508-8c5f-e7382d4b3712","12","5",0.881578947368421,0.813432835820896
"618","e2e233c7-f51c-4508-8c5f-e7382d4b3712","12","6",0.788079470198676,0.966386554621849
"619","e2e233c7-f51c-4508-8c5f-e7382d4b3712","12","7",0.900662251655629,0.772058823529412
"620","e2e233c7-f51c-4508-8c5f-e7382d4b3712","12","8",0.771812080536913,0.365217391304348
"621","e2e233c7-f51c-4508-8c5f-e7382d4b3712","12","9",0.723684210526316,0.409090909090909
"622","e2e233c7-f51c-4508-8c5f-e7382d4b3712","12","10",0.404371584699454,0.324324324324324
"623","e6681ec0-8580-4c90-8b78-ba2eda235b24","6","2",0.98,0.741496598639456
"624","e6681ec0-8580-4c90-8b78-ba2eda235b24","6","4",0.98,0.666666666666667
"625","e6681ec0-8580-4c90-8b78-ba2eda235b24","6","5",0.881578947368421,0.955223880597015
"626","e6681ec0-8580-4c90-8b78-ba2eda235b24","6","6",0.980132450331126,0.736486486486487
"627","e6681ec0-8580-4c90-8b78-ba2eda235b24","6","7",0.95364238410596,0.701388888888889
"628","e6681ec0-8580-4c90-8b78-ba2eda235b24","6","8",0.87248322147651,0.815384615384615
"629","e6681ec0-8580-4c90-8b78-ba2eda235b24","6","10",0.983606557377049,0.811111111111111
"630","e9c93b65-ba91-47f9-ba15-ebd49936a22c","12","1",0.78,0.786324786324786
"631","e9c93b65-ba91-47f9-ba15-ebd49936a22c","12","2",0.906666666666667,0.610294117647059
"632","e9c93b65-ba91-47f9-ba15-ebd49936a22c","12","3",0.657718120805369,0.857142857142857
"633","e9c93b65-ba91-47f9-ba15-ebd49936a22c","12","4",0.98,0.938775510204082
"634","e9c93b65-ba91-47f9-ba15-ebd49936a22c","12","5",0.93421052631579,0.97887323943662
"635","e9c93b65-ba91-47f9-ba15-ebd49936a22c","12","6",0.728476821192053,0.445454545454545
"636","e9c93b65-ba91-47f9-ba15-ebd49936a22c","12","7",0.728476821192053,0.581818181818182
"637","e9c93b65-ba91-47f9-ba15-ebd49936a22c","12","8",0.402684563758389,0.5
"638","e9c93b65-ba91-47f9-ba15-ebd49936a22c","12","9",0.901315789473684,0.744525547445255
"639","e9c93b65-ba91-47f9-ba15-ebd49936a22c","12","10",0.601092896174863,0.772727272727273
"640","ebffac03-2b65-487b-a944-4680e1ebc410","6","2",0.853333333333333,0.53125
"641","ebffac03-2b65-487b-a944-4680e1ebc410","6","3",0.926174496644295,0.5
"642","ebffac03-2b65-487b-a944-4680e1ebc410","6","4",0.74,0.90990990990991
"643","ebffac03-2b65-487b-a944-4680e1ebc410","6","5",0.894736842105263,0.698529411764706
"644","ebffac03-2b65-487b-a944-4680e1ebc410","6","6",0.728476821192053,0.145454545454545
"645","ebffac03-2b65-487b-a944-4680e1ebc410","6","8",0.691275167785235,0.407766990291262
"646","ebffac03-2b65-487b-a944-4680e1ebc410","6","9",0.703947368421053,0.94392523364486
"647","ed8fc258-ab43-41e2-8294-5f349ef3d9c1","6","1",0.853333333333333,0.984375
"648","ed8fc258-ab43-41e2-8294-5f349ef3d9c1","6","2",0.986666666666667,0.493243243243243
"649","ed8fc258-ab43-41e2-8294-5f349ef3d9c1","6","4",0.993333333333333,0.691275167785235
"650","ed8fc258-ab43-41e2-8294-5f349ef3d9c1","6","5",0.769736842105263,0.905982905982906
"651","ed8fc258-ab43-41e2-8294-5f349ef3d9c1","6","6",0.95364238410596,0.729166666666667
"652","ed8fc258-ab43-41e2-8294-5f349ef3d9c1","6","7",0.913907284768212,0.717391304347826
"653","ed8fc258-ab43-41e2-8294-5f349ef3d9c1","6","8",0.865771812080537,0.875968992248062
"654","ed8fc258-ab43-41e2-8294-5f349ef3d9c1","6","10",0.53551912568306,0.795918367346939
"655","f8937b7b-0136-4afe-a3ed-507af8bf1889","12","1",0.746666666666667,0.776785714285714
"656","f8937b7b-0136-4afe-a3ed-507af8bf1889","12","2",0.52,0.576923076923077
"657","f8937b7b-0136-4afe-a3ed-507af8bf1889","12","3",0.74496644295302,0.756756756756757
"658","f8937b7b-0136-4afe-a3ed-507af8bf1889","12","4",0.813333333333333,0.860655737704918
"659","f8937b7b-0136-4afe-a3ed-507af8bf1889","12","6",0.894039735099338,0.0296296296296296
"660","f8937b7b-0136-4afe-a3ed-507af8bf1889","12","7",0.708609271523179,0.766355140186916
"661","f8937b7b-0136-4afe-a3ed-507af8bf1889","12","8",0.818791946308725,0.704918032786885
"662","f8937b7b-0136-4afe-a3ed-507af8bf1889","12","10",0.80327868852459,0.748299319727891
"663","fe85735d-5680-4edc-b835-3a70d4d90a9f","12","1",0.54,0.864197530864197
"664","fe85735d-5680-4edc-b835-3a70d4d90a9f","12","2",0.693333333333333,0.0865384615384615
"665","fe85735d-5680-4edc-b835-3a70d4d90a9f","12","3",0.926174496644295,0.463768115942029
"666","fe85735d-5680-4edc-b835-3a70d4d90a9f","12","4",0.966666666666667,0.351724137931034
"667","fe85735d-5680-4edc-b835-3a70d4d90a9f","12","5",0.960526315789474,0.856164383561644
"668","fe85735d-5680-4edc-b835-3a70d4d90a9f","12","7",0.754966887417219,0.578947368421053
"669","fe85735d-5680-4edc-b835-3a70d4d90a9f","12","10",0.765027322404372,0.0428571428571429
