"response_uuid","Trial","Usable frames (%)","has_icatcher","icatcher_file_names"
"004732ad-6b7f-4b0c-861b-48fe2a7f3287","1",0.705,TRUE,"11-test-trial-2_004732ad-6b7f-4b0c-861b-48fe2a7f3287_1690315611577_676.txt"
"004732ad-6b7f-4b0c-861b-48fe2a7f3287","2",0.524,TRUE,"11-test-trial-2_004732ad-6b7f-4b0c-861b-48fe2a7f3287_1690315611577_676.txt"
"004732ad-6b7f-4b0c-861b-48fe2a7f3287","3",0.665,TRUE,"11-test-trial-2_004732ad-6b7f-4b0c-861b-48fe2a7f3287_1690315611577_676.txt"
"004732ad-6b7f-4b0c-861b-48fe2a7f3287","4",0.805,TRUE,"11-test-trial-2_004732ad-6b7f-4b0c-861b-48fe2a7f3287_1690315611577_676.txt"
"004732ad-6b7f-4b0c-861b-48fe2a7f3287","5",0.6,TRUE,"11-test-trial-2_004732ad-6b7f-4b0c-861b-48fe2a7f3287_1690315611577_676.txt"
"004732ad-6b7f-4b0c-861b-48fe2a7f3287","6",0.398,TRUE,"11-test-trial-2_004732ad-6b7f-4b0c-861b-48fe2a7f3287_1690315611577_676.txt"
"036015a7-933e-4753-84c7-c76bec88a304","1",0.9,TRUE,"10-test-trial-1_036015a7-933e-4753-84c7-c76bec88a304_1695213506890_112.txt"
"036015a7-933e-4753-84c7-c76bec88a304","2",0.792,TRUE,"10-test-trial-1_036015a7-933e-4753-84c7-c76bec88a304_1695213506890_112.txt"
"036015a7-933e-4753-84c7-c76bec88a304","3",0.767,TRUE,"10-test-trial-1_036015a7-933e-4753-84c7-c76bec88a304_1695213506890_112.txt"
"036015a7-933e-4753-84c7-c76bec88a304","4",0.78,TRUE,"10-test-trial-1_036015a7-933e-4753-84c7-c76bec88a304_1695213506890_112.txt"
"036015a7-933e-4753-84c7-c76bec88a304","5",0.725,TRUE,"10-test-trial-1_036015a7-933e-4753-84c7-c76bec88a304_1695213506890_112.txt"
"036015a7-933e-4753-84c7-c76bec88a304","6",0.578,TRUE,"10-test-trial-1_036015a7-933e-4753-84c7-c76bec88a304_1695213506890_112.txt"
"04d5f486-93c0-4fa9-b2f8-d0abdef53e6c","1",0.958,TRUE,"14-test-trial-3_04d5f486-93c0-4fa9-b2f8-d0abdef53e6c_1701878772227_255.txt"
"04d5f486-93c0-4fa9-b2f8-d0abdef53e6c","2",0.734,TRUE,"14-test-trial-3_04d5f486-93c0-4fa9-b2f8-d0abdef53e6c_1701878772227_255.txt"
"04d5f486-93c0-4fa9-b2f8-d0abdef53e6c","3",0.522,TRUE,"14-test-trial-3_04d5f486-93c0-4fa9-b2f8-d0abdef53e6c_1701878772227_255.txt"
"04d5f486-93c0-4fa9-b2f8-d0abdef53e6c","4",0.882,TRUE,"14-test-trial-3_04d5f486-93c0-4fa9-b2f8-d0abdef53e6c_1701878772227_255.txt"
"04d5f486-93c0-4fa9-b2f8-d0abdef53e6c","5",0.635,TRUE,"14-test-trial-3_04d5f486-93c0-4fa9-b2f8-d0abdef53e6c_1701878772227_255.txt"
"04d5f486-93c0-4fa9-b2f8-d0abdef53e6c","6",0.677,TRUE,"14-test-trial-3_04d5f486-93c0-4fa9-b2f8-d0abdef53e6c_1701878772227_255.txt"
"06593bf2-f310-46bb-8a43-9c72dc7811b0","1",0.795,TRUE,"16-test-trial-4_06593bf2-f310-46bb-8a43-9c72dc7811b0_1706837819888_668.txt"
"06593bf2-f310-46bb-8a43-9c72dc7811b0","2",0.682,TRUE,"16-test-trial-4_06593bf2-f310-46bb-8a43-9c72dc7811b0_1706837819888_668.txt"
"06593bf2-f310-46bb-8a43-9c72dc7811b0","3",0.465,TRUE,"16-test-trial-4_06593bf2-f310-46bb-8a43-9c72dc7811b0_1706837819888_668.txt"
"06593bf2-f310-46bb-8a43-9c72dc7811b0","4",0.662,TRUE,"16-test-trial-4_06593bf2-f310-46bb-8a43-9c72dc7811b0_1706837819888_668.txt"
"06593bf2-f310-46bb-8a43-9c72dc7811b0","5",0.398,TRUE,"16-test-trial-4_06593bf2-f310-46bb-8a43-9c72dc7811b0_1706837819888_668.txt"
"06593bf2-f310-46bb-8a43-9c72dc7811b0","6",0.53,TRUE,"16-test-trial-4_06593bf2-f310-46bb-8a43-9c72dc7811b0_1706837819888_668.txt"
"06f52932-c87c-4815-adb9-52cc60998bd9","1",0.79,TRUE,"16-test-trial-4_06f52932-c87c-4815-adb9-52cc60998bd9_1694116514619_977.txt"
"06f52932-c87c-4815-adb9-52cc60998bd9","2",0.687,TRUE,"16-test-trial-4_06f52932-c87c-4815-adb9-52cc60998bd9_1694116514619_977.txt"
"06f52932-c87c-4815-adb9-52cc60998bd9","3",0.458,TRUE,"16-test-trial-4_06f52932-c87c-4815-adb9-52cc60998bd9_1694116514619_977.txt"
"06f52932-c87c-4815-adb9-52cc60998bd9","4",0.743,TRUE,"16-test-trial-4_06f52932-c87c-4815-adb9-52cc60998bd9_1694116514619_977.txt"
"06f52932-c87c-4815-adb9-52cc60998bd9","5",0.833,TRUE,"16-test-trial-4_06f52932-c87c-4815-adb9-52cc60998bd9_1694116514619_977.txt"
"06f52932-c87c-4815-adb9-52cc60998bd9","6",0.34,TRUE,"16-test-trial-4_06f52932-c87c-4815-adb9-52cc60998bd9_1694116514619_977.txt"
"08eee7ba-ef32-489d-9d25-e6cd14a0b267","1",0.887,TRUE,"16-test-trial-4_08eee7ba-ef32-489d-9d25-e6cd14a0b267_1695316957254_331.txt"
"08eee7ba-ef32-489d-9d25-e6cd14a0b267","2",0.702,TRUE,"16-test-trial-4_08eee7ba-ef32-489d-9d25-e6cd14a0b267_1695316957254_331.txt"
"08eee7ba-ef32-489d-9d25-e6cd14a0b267","3",0.713,TRUE,"16-test-trial-4_08eee7ba-ef32-489d-9d25-e6cd14a0b267_1695316957254_331.txt"
"08eee7ba-ef32-489d-9d25-e6cd14a0b267","4",0.268,TRUE,"16-test-trial-4_08eee7ba-ef32-489d-9d25-e6cd14a0b267_1695316957254_331.txt"
"08eee7ba-ef32-489d-9d25-e6cd14a0b267","5",0.188,TRUE,"16-test-trial-4_08eee7ba-ef32-489d-9d25-e6cd14a0b267_1695316957254_331.txt"
"08eee7ba-ef32-489d-9d25-e6cd14a0b267","6",0.245,TRUE,"16-test-trial-4_08eee7ba-ef32-489d-9d25-e6cd14a0b267_1695316957254_331.txt"
"095b6236-bad8-4356-8325-878f7a78c608","1",0.485,TRUE,"10-test-trial-1_095b6236-bad8-4356-8325-878f7a78c608_1697929878254_986.txt"
"095b6236-bad8-4356-8325-878f7a78c608","2",0.732,TRUE,"10-test-trial-1_095b6236-bad8-4356-8325-878f7a78c608_1697929878254_986.txt"
"095b6236-bad8-4356-8325-878f7a78c608","3",0.46,TRUE,"10-test-trial-1_095b6236-bad8-4356-8325-878f7a78c608_1697929878254_986.txt"
"095b6236-bad8-4356-8325-878f7a78c608","4",0.698,TRUE,"10-test-trial-1_095b6236-bad8-4356-8325-878f7a78c608_1697929878254_986.txt"
"095b6236-bad8-4356-8325-878f7a78c608","5",0.595,TRUE,"10-test-trial-1_095b6236-bad8-4356-8325-878f7a78c608_1697929878254_986.txt"
"095b6236-bad8-4356-8325-878f7a78c608","6",0.595,TRUE,"10-test-trial-1_095b6236-bad8-4356-8325-878f7a78c608_1697929878254_986.txt"
"0b01ad73-6636-4eb1-bd1c-7ee3f5744f5e","1",0,TRUE,"14-test-trial-3_0b01ad73-6636-4eb1-bd1c-7ee3f5744f5e_1697145059672_759.txt"
"0b01ad73-6636-4eb1-bd1c-7ee3f5744f5e","2",0.03,TRUE,"14-test-trial-3_0b01ad73-6636-4eb1-bd1c-7ee3f5744f5e_1697145059672_759.txt"
"0b01ad73-6636-4eb1-bd1c-7ee3f5744f5e","3",0.202,TRUE,"14-test-trial-3_0b01ad73-6636-4eb1-bd1c-7ee3f5744f5e_1697145059672_759.txt"
"0b01ad73-6636-4eb1-bd1c-7ee3f5744f5e","4",0,TRUE,"14-test-trial-3_0b01ad73-6636-4eb1-bd1c-7ee3f5744f5e_1697145059672_759.txt"
"0b01ad73-6636-4eb1-bd1c-7ee3f5744f5e","5",0.242,TRUE,"14-test-trial-3_0b01ad73-6636-4eb1-bd1c-7ee3f5744f5e_1697145059672_759.txt"
"0b01ad73-6636-4eb1-bd1c-7ee3f5744f5e","6",0,TRUE,"14-test-trial-3_0b01ad73-6636-4eb1-bd1c-7ee3f5744f5e_1697145059672_759.txt"
"0da636ec-fbd5-4f6b-9b7d-5fa0416da284","1",0.545,TRUE,"9-test-trial-1_0da636ec-fbd5-4f6b-9b7d-5fa0416da284_1690986350866_812.txt"
"0da636ec-fbd5-4f6b-9b7d-5fa0416da284","2",0.04,TRUE,"9-test-trial-1_0da636ec-fbd5-4f6b-9b7d-5fa0416da284_1690986350866_812.txt"
"0da636ec-fbd5-4f6b-9b7d-5fa0416da284","3",0,TRUE,"9-test-trial-1_0da636ec-fbd5-4f6b-9b7d-5fa0416da284_1690986350866_812.txt"
"0da636ec-fbd5-4f6b-9b7d-5fa0416da284","4",0.21,TRUE,"9-test-trial-1_0da636ec-fbd5-4f6b-9b7d-5fa0416da284_1690986350866_812.txt"
"0da636ec-fbd5-4f6b-9b7d-5fa0416da284","5",0.102,TRUE,"9-test-trial-1_0da636ec-fbd5-4f6b-9b7d-5fa0416da284_1690986350866_812.txt"
"0da636ec-fbd5-4f6b-9b7d-5fa0416da284","6",0.112,TRUE,"9-test-trial-1_0da636ec-fbd5-4f6b-9b7d-5fa0416da284_1690986350866_812.txt"
"14bde937-9452-4ae0-a0ce-8553c2aa41e5","1",0.295,TRUE,"18-test-trial-5_14bde937-9452-4ae0-a0ce-8553c2aa41e5_1712932109672_737.txt"
"14bde937-9452-4ae0-a0ce-8553c2aa41e5","2",0.506,TRUE,"18-test-trial-5_14bde937-9452-4ae0-a0ce-8553c2aa41e5_1712932109672_737.txt"
"14bde937-9452-4ae0-a0ce-8553c2aa41e5","3",0.608,TRUE,"18-test-trial-5_14bde937-9452-4ae0-a0ce-8553c2aa41e5_1712932109672_737.txt"
"14bde937-9452-4ae0-a0ce-8553c2aa41e5","4",0.58,TRUE,"18-test-trial-5_14bde937-9452-4ae0-a0ce-8553c2aa41e5_1712932109672_737.txt"
"14bde937-9452-4ae0-a0ce-8553c2aa41e5","5",0.375,TRUE,"18-test-trial-5_14bde937-9452-4ae0-a0ce-8553c2aa41e5_1712932109672_737.txt"
"14bde937-9452-4ae0-a0ce-8553c2aa41e5","6",0.268,TRUE,"18-test-trial-5_14bde937-9452-4ae0-a0ce-8553c2aa41e5_1712932109672_737.txt"
"18088fc2-ebda-40ff-a630-70ffa64a67ea","1",0.907,TRUE,"14-test-trial-3_18088fc2-ebda-40ff-a630-70ffa64a67ea_1693860487236_940.txt"
"18088fc2-ebda-40ff-a630-70ffa64a67ea","2",0.9,TRUE,"14-test-trial-3_18088fc2-ebda-40ff-a630-70ffa64a67ea_1693860487236_940.txt"
"18088fc2-ebda-40ff-a630-70ffa64a67ea","3",0.958,TRUE,"14-test-trial-3_18088fc2-ebda-40ff-a630-70ffa64a67ea_1693860487236_940.txt"
"18088fc2-ebda-40ff-a630-70ffa64a67ea","4",0.855,TRUE,"14-test-trial-3_18088fc2-ebda-40ff-a630-70ffa64a67ea_1693860487236_940.txt"
"18088fc2-ebda-40ff-a630-70ffa64a67ea","5",0.875,TRUE,"14-test-trial-3_18088fc2-ebda-40ff-a630-70ffa64a67ea_1693860487236_940.txt"
"18088fc2-ebda-40ff-a630-70ffa64a67ea","6",0.825,TRUE,"14-test-trial-3_18088fc2-ebda-40ff-a630-70ffa64a67ea_1693860487236_940.txt"
"19397c83-6941-4f2e-8067-60e5655c55a1","1",0.7,TRUE,"16-test-trial-4_19397c83-6941-4f2e-8067-60e5655c55a1_1694195332409_536.txt"
"19397c83-6941-4f2e-8067-60e5655c55a1","2",0.238,TRUE,"16-test-trial-4_19397c83-6941-4f2e-8067-60e5655c55a1_1694195332409_536.txt"
"19397c83-6941-4f2e-8067-60e5655c55a1","3",0.178,TRUE,"16-test-trial-4_19397c83-6941-4f2e-8067-60e5655c55a1_1694195332409_536.txt"
"19397c83-6941-4f2e-8067-60e5655c55a1","4",0.16,TRUE,"16-test-trial-4_19397c83-6941-4f2e-8067-60e5655c55a1_1694195332409_536.txt"
"19397c83-6941-4f2e-8067-60e5655c55a1","5",0,TRUE,"16-test-trial-4_19397c83-6941-4f2e-8067-60e5655c55a1_1694195332409_536.txt"
"19397c83-6941-4f2e-8067-60e5655c55a1","6",0.178,TRUE,"16-test-trial-4_19397c83-6941-4f2e-8067-60e5655c55a1_1694195332409_536.txt"
"195d5246-ee70-4487-9d09-8d13249e2f10","1",0.76,TRUE,"18-test-trial-5_195d5246-ee70-4487-9d09-8d13249e2f10_1700518796994_317.txt"
"195d5246-ee70-4487-9d09-8d13249e2f10","2",0.98,TRUE,"18-test-trial-5_195d5246-ee70-4487-9d09-8d13249e2f10_1700518796994_317.txt"
"195d5246-ee70-4487-9d09-8d13249e2f10","3",0.833,TRUE,"18-test-trial-5_195d5246-ee70-4487-9d09-8d13249e2f10_1700518796994_317.txt"
"195d5246-ee70-4487-9d09-8d13249e2f10","4",0.565,TRUE,"18-test-trial-5_195d5246-ee70-4487-9d09-8d13249e2f10_1700518796994_317.txt"
"195d5246-ee70-4487-9d09-8d13249e2f10","5",0,FALSE,"18-test-trial-5_195d5246-ee70-4487-9d09-8d13249e2f10_1700518796994_317.txt"
"195d5246-ee70-4487-9d09-8d13249e2f10","6",0,FALSE,"18-test-trial-5_195d5246-ee70-4487-9d09-8d13249e2f10_1700518796994_317.txt"
"1afcb3c4-2834-4ba8-bb46-e4d987cb35ec","1",0.9,TRUE,"18-test-trial-5_1afcb3c4-2834-4ba8-bb46-e4d987cb35ec_1698610687498_225.txt"
"1afcb3c4-2834-4ba8-bb46-e4d987cb35ec","2",0.163,TRUE,"18-test-trial-5_1afcb3c4-2834-4ba8-bb46-e4d987cb35ec_1698610687498_225.txt"
"1afcb3c4-2834-4ba8-bb46-e4d987cb35ec","3",0.068,TRUE,"18-test-trial-5_1afcb3c4-2834-4ba8-bb46-e4d987cb35ec_1698610687498_225.txt"
"1afcb3c4-2834-4ba8-bb46-e4d987cb35ec","4",0.765,TRUE,"18-test-trial-5_1afcb3c4-2834-4ba8-bb46-e4d987cb35ec_1698610687498_225.txt"
"1afcb3c4-2834-4ba8-bb46-e4d987cb35ec","5",0.368,TRUE,"18-test-trial-5_1afcb3c4-2834-4ba8-bb46-e4d987cb35ec_1698610687498_225.txt"
"1afcb3c4-2834-4ba8-bb46-e4d987cb35ec","6",0.388,TRUE,"18-test-trial-5_1afcb3c4-2834-4ba8-bb46-e4d987cb35ec_1698610687498_225.txt"
"1b9291ee-7904-4319-a182-222c2f7e9ddb","1",0.442,TRUE,"10-test-trial-1_1b9291ee-7904-4319-a182-222c2f7e9ddb_1701138971547_867.txt"
"1b9291ee-7904-4319-a182-222c2f7e9ddb","2",0.857,TRUE,"10-test-trial-1_1b9291ee-7904-4319-a182-222c2f7e9ddb_1701138971547_867.txt"
"1b9291ee-7904-4319-a182-222c2f7e9ddb","3",0.302,TRUE,"10-test-trial-1_1b9291ee-7904-4319-a182-222c2f7e9ddb_1701138971547_867.txt"
"1b9291ee-7904-4319-a182-222c2f7e9ddb","4",0.47,TRUE,"10-test-trial-1_1b9291ee-7904-4319-a182-222c2f7e9ddb_1701138971547_867.txt"
"1b9291ee-7904-4319-a182-222c2f7e9ddb","5",0.767,TRUE,"10-test-trial-1_1b9291ee-7904-4319-a182-222c2f7e9ddb_1701138971547_867.txt"
"1b9291ee-7904-4319-a182-222c2f7e9ddb","6",0.583,TRUE,"10-test-trial-1_1b9291ee-7904-4319-a182-222c2f7e9ddb_1701138971547_867.txt"
"1c0a5b8d-7617-42eb-a1f4-71e8d2c8f51e","1",0.792,TRUE,"14-test-trial-3_1c0a5b8d-7617-42eb-a1f4-71e8d2c8f51e_1697918268428_383.txt"
"1c0a5b8d-7617-42eb-a1f4-71e8d2c8f51e","2",0.644,TRUE,"14-test-trial-3_1c0a5b8d-7617-42eb-a1f4-71e8d2c8f51e_1697918268428_383.txt"
"1c0a5b8d-7617-42eb-a1f4-71e8d2c8f51e","3",0.92,TRUE,"14-test-trial-3_1c0a5b8d-7617-42eb-a1f4-71e8d2c8f51e_1697918268428_383.txt"
"1c0a5b8d-7617-42eb-a1f4-71e8d2c8f51e","4",0.772,TRUE,"14-test-trial-3_1c0a5b8d-7617-42eb-a1f4-71e8d2c8f51e_1697918268428_383.txt"
"1c0a5b8d-7617-42eb-a1f4-71e8d2c8f51e","5",0.682,TRUE,"14-test-trial-3_1c0a5b8d-7617-42eb-a1f4-71e8d2c8f51e_1697918268428_383.txt"
"1c0a5b8d-7617-42eb-a1f4-71e8d2c8f51e","6",0.242,TRUE,"14-test-trial-3_1c0a5b8d-7617-42eb-a1f4-71e8d2c8f51e_1697918268428_383.txt"
"1d11ddd0-c1f0-4d87-b732-f16083f88e22","1",0.978,TRUE,"16-test-trial-4_1d11ddd0-c1f0-4d87-b732-f16083f88e22_1696605309408_873.txt"
"1d11ddd0-c1f0-4d87-b732-f16083f88e22","2",0.847,TRUE,"16-test-trial-4_1d11ddd0-c1f0-4d87-b732-f16083f88e22_1696605309408_873.txt"
"1d11ddd0-c1f0-4d87-b732-f16083f88e22","3",0.89,TRUE,"16-test-trial-4_1d11ddd0-c1f0-4d87-b732-f16083f88e22_1696605309408_873.txt"
"1d11ddd0-c1f0-4d87-b732-f16083f88e22","4",0.938,TRUE,"16-test-trial-4_1d11ddd0-c1f0-4d87-b732-f16083f88e22_1696605309408_873.txt"
"1d11ddd0-c1f0-4d87-b732-f16083f88e22","5",0,FALSE,"16-test-trial-4_1d11ddd0-c1f0-4d87-b732-f16083f88e22_1696605309408_873.txt"
"1d11ddd0-c1f0-4d87-b732-f16083f88e22","6",0,FALSE,"16-test-trial-4_1d11ddd0-c1f0-4d87-b732-f16083f88e22_1696605309408_873.txt"
"1da22c85-469f-44c2-9bb3-312daf3b21a5","1",0.863,TRUE,"9-test-trial-1_1da22c85-469f-44c2-9bb3-312daf3b21a5_1691687419513_400.txt"
"1da22c85-469f-44c2-9bb3-312daf3b21a5","2",0.677,TRUE,"9-test-trial-1_1da22c85-469f-44c2-9bb3-312daf3b21a5_1691687419513_400.txt"
"1da22c85-469f-44c2-9bb3-312daf3b21a5","3",0.75,TRUE,"9-test-trial-1_1da22c85-469f-44c2-9bb3-312daf3b21a5_1691687419513_400.txt"
"1da22c85-469f-44c2-9bb3-312daf3b21a5","4",0.7,TRUE,"9-test-trial-1_1da22c85-469f-44c2-9bb3-312daf3b21a5_1691687419513_400.txt"
"1da22c85-469f-44c2-9bb3-312daf3b21a5","5",0.662,TRUE,"9-test-trial-1_1da22c85-469f-44c2-9bb3-312daf3b21a5_1691687419513_400.txt"
"1da22c85-469f-44c2-9bb3-312daf3b21a5","6",0.875,TRUE,"9-test-trial-1_1da22c85-469f-44c2-9bb3-312daf3b21a5_1691687419513_400.txt"
"2422cca0-c228-4211-86c5-809afbcc7a4d","1",0.838,TRUE,"16-test-trial-4_2422cca0-c228-4211-86c5-809afbcc7a4d_1699371406990_390.txt"
"2422cca0-c228-4211-86c5-809afbcc7a4d","2",0.684,TRUE,"16-test-trial-4_2422cca0-c228-4211-86c5-809afbcc7a4d_1699371406990_390.txt"
"2422cca0-c228-4211-86c5-809afbcc7a4d","3",0.71,TRUE,"16-test-trial-4_2422cca0-c228-4211-86c5-809afbcc7a4d_1699371406990_390.txt"
"2422cca0-c228-4211-86c5-809afbcc7a4d","4",0.665,TRUE,"16-test-trial-4_2422cca0-c228-4211-86c5-809afbcc7a4d_1699371406990_390.txt"
"2422cca0-c228-4211-86c5-809afbcc7a4d","5",0.748,TRUE,"16-test-trial-4_2422cca0-c228-4211-86c5-809afbcc7a4d_1699371406990_390.txt"
"2422cca0-c228-4211-86c5-809afbcc7a4d","6",0.512,TRUE,"16-test-trial-4_2422cca0-c228-4211-86c5-809afbcc7a4d_1699371406990_390.txt"
"257e85c7-6ba9-45b5-98da-5cd61b51b694","1",0.887,TRUE,"16-test-trial-4_257e85c7-6ba9-45b5-98da-5cd61b51b694_1699983508156_497.txt"
"257e85c7-6ba9-45b5-98da-5cd61b51b694","2",0.845,TRUE,"16-test-trial-4_257e85c7-6ba9-45b5-98da-5cd61b51b694_1699983508156_497.txt"
"257e85c7-6ba9-45b5-98da-5cd61b51b694","3",0.637,TRUE,"16-test-trial-4_257e85c7-6ba9-45b5-98da-5cd61b51b694_1699983508156_497.txt"
"257e85c7-6ba9-45b5-98da-5cd61b51b694","4",0.743,TRUE,"16-test-trial-4_257e85c7-6ba9-45b5-98da-5cd61b51b694_1699983508156_497.txt"
"257e85c7-6ba9-45b5-98da-5cd61b51b694","5",0.66,TRUE,"16-test-trial-4_257e85c7-6ba9-45b5-98da-5cd61b51b694_1699983508156_497.txt"
"257e85c7-6ba9-45b5-98da-5cd61b51b694","6",0.405,TRUE,"16-test-trial-4_257e85c7-6ba9-45b5-98da-5cd61b51b694_1699983508156_497.txt"
"25c12ba4-d8c9-4e68-8309-cba774c947db","1",0.715,TRUE,"15-test-trial-4_25c12ba4-d8c9-4e68-8309-cba774c947db_1691781892796_526.txt"
"25c12ba4-d8c9-4e68-8309-cba774c947db","2",0.662,TRUE,"15-test-trial-4_25c12ba4-d8c9-4e68-8309-cba774c947db_1691781892796_526.txt"
"25c12ba4-d8c9-4e68-8309-cba774c947db","3",0.7,TRUE,"15-test-trial-4_25c12ba4-d8c9-4e68-8309-cba774c947db_1691781892796_526.txt"
"25c12ba4-d8c9-4e68-8309-cba774c947db","4",0.54,TRUE,"15-test-trial-4_25c12ba4-d8c9-4e68-8309-cba774c947db_1691781892796_526.txt"
"25c12ba4-d8c9-4e68-8309-cba774c947db","5",0.608,TRUE,"15-test-trial-4_25c12ba4-d8c9-4e68-8309-cba774c947db_1691781892796_526.txt"
"25c12ba4-d8c9-4e68-8309-cba774c947db","6",0.583,TRUE,"15-test-trial-4_25c12ba4-d8c9-4e68-8309-cba774c947db_1691781892796_526.txt"
"2817e5e3-7bf5-45c3-b800-2e0ddc4ed608","1",0.595,TRUE,"15-test-trial-4_2817e5e3-7bf5-45c3-b800-2e0ddc4ed608_1691442447606_64.txt"
"2817e5e3-7bf5-45c3-b800-2e0ddc4ed608","2",0.672,TRUE,"15-test-trial-4_2817e5e3-7bf5-45c3-b800-2e0ddc4ed608_1691442447606_64.txt"
"2817e5e3-7bf5-45c3-b800-2e0ddc4ed608","3",0.378,TRUE,"15-test-trial-4_2817e5e3-7bf5-45c3-b800-2e0ddc4ed608_1691442447606_64.txt"
"2817e5e3-7bf5-45c3-b800-2e0ddc4ed608","4",0.052,TRUE,"15-test-trial-4_2817e5e3-7bf5-45c3-b800-2e0ddc4ed608_1691442447606_64.txt"
"2817e5e3-7bf5-45c3-b800-2e0ddc4ed608","5",0.075,TRUE,"15-test-trial-4_2817e5e3-7bf5-45c3-b800-2e0ddc4ed608_1691442447606_64.txt"
"2817e5e3-7bf5-45c3-b800-2e0ddc4ed608","6",0.318,TRUE,"15-test-trial-4_2817e5e3-7bf5-45c3-b800-2e0ddc4ed608_1691442447606_64.txt"
"293e9cd5-1fc6-4950-afd2-7929b83e0d4a","1",0.945,TRUE,"12-test-trial-2_293e9cd5-1fc6-4950-afd2-7929b83e0d4a_1696021997246_86.txt"
"293e9cd5-1fc6-4950-afd2-7929b83e0d4a","2",0.935,TRUE,"12-test-trial-2_293e9cd5-1fc6-4950-afd2-7929b83e0d4a_1696021997246_86.txt"
"293e9cd5-1fc6-4950-afd2-7929b83e0d4a","3",0.975,TRUE,"12-test-trial-2_293e9cd5-1fc6-4950-afd2-7929b83e0d4a_1696021997246_86.txt"
"293e9cd5-1fc6-4950-afd2-7929b83e0d4a","4",0.95,TRUE,"12-test-trial-2_293e9cd5-1fc6-4950-afd2-7929b83e0d4a_1696021997246_86.txt"
"293e9cd5-1fc6-4950-afd2-7929b83e0d4a","5",0.922,TRUE,"12-test-trial-2_293e9cd5-1fc6-4950-afd2-7929b83e0d4a_1696021997246_86.txt"
"293e9cd5-1fc6-4950-afd2-7929b83e0d4a","6",0.92,TRUE,"12-test-trial-2_293e9cd5-1fc6-4950-afd2-7929b83e0d4a_1696021997246_86.txt"
"2ac97100-84f4-4172-a88f-82e8e886ea58","1",0.19,TRUE,"15-test-trial-4_2ac97100-84f4-4172-a88f-82e8e886ea58_1691081223663_261.txt"
"2ac97100-84f4-4172-a88f-82e8e886ea58","2",0.549,TRUE,"15-test-trial-4_2ac97100-84f4-4172-a88f-82e8e886ea58_1691081223663_261.txt"
"2ac97100-84f4-4172-a88f-82e8e886ea58","3",0.905,TRUE,"15-test-trial-4_2ac97100-84f4-4172-a88f-82e8e886ea58_1691081223663_261.txt"
"2ac97100-84f4-4172-a88f-82e8e886ea58","4",0.595,TRUE,"15-test-trial-4_2ac97100-84f4-4172-a88f-82e8e886ea58_1691081223663_261.txt"
"2ac97100-84f4-4172-a88f-82e8e886ea58","5",0.588,TRUE,"15-test-trial-4_2ac97100-84f4-4172-a88f-82e8e886ea58_1691081223663_261.txt"
"2ac97100-84f4-4172-a88f-82e8e886ea58","6",0.272,TRUE,"15-test-trial-4_2ac97100-84f4-4172-a88f-82e8e886ea58_1691081223663_261.txt"
"2b882a59-5857-481e-bda7-cdff7bd8f56e","1",0.907,TRUE,"17-test-trial-5_2b882a59-5857-481e-bda7-cdff7bd8f56e_1691532584531_684.txt"
"2b882a59-5857-481e-bda7-cdff7bd8f56e","2",0.805,TRUE,"17-test-trial-5_2b882a59-5857-481e-bda7-cdff7bd8f56e_1691532584531_684.txt"
"2b882a59-5857-481e-bda7-cdff7bd8f56e","3",0.295,TRUE,"17-test-trial-5_2b882a59-5857-481e-bda7-cdff7bd8f56e_1691532584531_684.txt"
"2b882a59-5857-481e-bda7-cdff7bd8f56e","4",0.535,TRUE,"17-test-trial-5_2b882a59-5857-481e-bda7-cdff7bd8f56e_1691532584531_684.txt"
"2b882a59-5857-481e-bda7-cdff7bd8f56e","5",0.242,TRUE,"17-test-trial-5_2b882a59-5857-481e-bda7-cdff7bd8f56e_1691532584531_684.txt"
"2b882a59-5857-481e-bda7-cdff7bd8f56e","6",0.72,TRUE,"17-test-trial-5_2b882a59-5857-481e-bda7-cdff7bd8f56e_1691532584531_684.txt"
"2e9bcba0-31d6-48ef-9ec8-04ccbc838ff9","1",0.655,TRUE,"10-test-trial-1_2e9bcba0-31d6-48ef-9ec8-04ccbc838ff9_1699807673253_125.txt"
"2e9bcba0-31d6-48ef-9ec8-04ccbc838ff9","2",0.637,TRUE,"10-test-trial-1_2e9bcba0-31d6-48ef-9ec8-04ccbc838ff9_1699807673253_125.txt"
"2e9bcba0-31d6-48ef-9ec8-04ccbc838ff9","3",0.532,TRUE,"10-test-trial-1_2e9bcba0-31d6-48ef-9ec8-04ccbc838ff9_1699807673253_125.txt"
"2e9bcba0-31d6-48ef-9ec8-04ccbc838ff9","4",0.905,TRUE,"10-test-trial-1_2e9bcba0-31d6-48ef-9ec8-04ccbc838ff9_1699807673253_125.txt"
"2e9bcba0-31d6-48ef-9ec8-04ccbc838ff9","5",0.642,TRUE,"10-test-trial-1_2e9bcba0-31d6-48ef-9ec8-04ccbc838ff9_1699807673253_125.txt"
"2e9bcba0-31d6-48ef-9ec8-04ccbc838ff9","6",0.812,TRUE,"10-test-trial-1_2e9bcba0-31d6-48ef-9ec8-04ccbc838ff9_1699807673253_125.txt"
"2f184f61-d2b2-423c-bed5-027b0514aebd","1",0.943,TRUE,"18-test-trial-5_2f184f61-d2b2-423c-bed5-027b0514aebd_1694308879536_521.txt"
"2f184f61-d2b2-423c-bed5-027b0514aebd","2",0.84,TRUE,"18-test-trial-5_2f184f61-d2b2-423c-bed5-027b0514aebd_1694308879536_521.txt"
"2f184f61-d2b2-423c-bed5-027b0514aebd","3",0.815,TRUE,"18-test-trial-5_2f184f61-d2b2-423c-bed5-027b0514aebd_1694308879536_521.txt"
"2f184f61-d2b2-423c-bed5-027b0514aebd","4",0.907,TRUE,"18-test-trial-5_2f184f61-d2b2-423c-bed5-027b0514aebd_1694308879536_521.txt"
"2f184f61-d2b2-423c-bed5-027b0514aebd","5",0.775,TRUE,"18-test-trial-5_2f184f61-d2b2-423c-bed5-027b0514aebd_1694308879536_521.txt"
"2f184f61-d2b2-423c-bed5-027b0514aebd","6",0.56,TRUE,"18-test-trial-5_2f184f61-d2b2-423c-bed5-027b0514aebd_1694308879536_521.txt"
"2f9f948f-d9da-40f2-b5b1-247207217245","1",0.815,TRUE,"10-test-trial-1_2f9f948f-d9da-40f2-b5b1-247207217245_1693695596061_926.txt"
"2f9f948f-d9da-40f2-b5b1-247207217245","2",0.805,TRUE,"10-test-trial-1_2f9f948f-d9da-40f2-b5b1-247207217245_1693695596061_926.txt"
"2f9f948f-d9da-40f2-b5b1-247207217245","3",0.785,TRUE,"10-test-trial-1_2f9f948f-d9da-40f2-b5b1-247207217245_1693695596061_926.txt"
"2f9f948f-d9da-40f2-b5b1-247207217245","4",0.7,TRUE,"10-test-trial-1_2f9f948f-d9da-40f2-b5b1-247207217245_1693695596061_926.txt"
"2f9f948f-d9da-40f2-b5b1-247207217245","5",0.89,TRUE,"10-test-trial-1_2f9f948f-d9da-40f2-b5b1-247207217245_1693695596061_926.txt"
"2f9f948f-d9da-40f2-b5b1-247207217245","6",0.72,TRUE,"10-test-trial-1_2f9f948f-d9da-40f2-b5b1-247207217245_1693695596061_926.txt"
"31166c21-7fcb-4d7f-b606-1ce38fbea56f","1",0.873,TRUE,"18-test-trial-5_31166c21-7fcb-4d7f-b606-1ce38fbea56f_1694723518207_417.txt"
"31166c21-7fcb-4d7f-b606-1ce38fbea56f","2",0.607,TRUE,"18-test-trial-5_31166c21-7fcb-4d7f-b606-1ce38fbea56f_1694723518207_417.txt"
"31166c21-7fcb-4d7f-b606-1ce38fbea56f","3",0.232,TRUE,"18-test-trial-5_31166c21-7fcb-4d7f-b606-1ce38fbea56f_1694723518207_417.txt"
"31166c21-7fcb-4d7f-b606-1ce38fbea56f","4",0.688,TRUE,"18-test-trial-5_31166c21-7fcb-4d7f-b606-1ce38fbea56f_1694723518207_417.txt"
"31166c21-7fcb-4d7f-b606-1ce38fbea56f","5",0.442,TRUE,"18-test-trial-5_31166c21-7fcb-4d7f-b606-1ce38fbea56f_1694723518207_417.txt"
"31166c21-7fcb-4d7f-b606-1ce38fbea56f","6",0.245,TRUE,"18-test-trial-5_31166c21-7fcb-4d7f-b606-1ce38fbea56f_1694723518207_417.txt"
"3253da16-238b-4f45-8610-dff84aa897d4","1",0.922,TRUE,"18-test-trial-5_3253da16-238b-4f45-8610-dff84aa897d4_1695674429772_107.txt"
"3253da16-238b-4f45-8610-dff84aa897d4","2",0.85,TRUE,"18-test-trial-5_3253da16-238b-4f45-8610-dff84aa897d4_1695674429772_107.txt"
"3253da16-238b-4f45-8610-dff84aa897d4","3",0.892,TRUE,"18-test-trial-5_3253da16-238b-4f45-8610-dff84aa897d4_1695674429772_107.txt"
"3253da16-238b-4f45-8610-dff84aa897d4","4",0.807,TRUE,"18-test-trial-5_3253da16-238b-4f45-8610-dff84aa897d4_1695674429772_107.txt"
"3253da16-238b-4f45-8610-dff84aa897d4","5",0.743,TRUE,"18-test-trial-5_3253da16-238b-4f45-8610-dff84aa897d4_1695674429772_107.txt"
"3253da16-238b-4f45-8610-dff84aa897d4","6",0.792,TRUE,"18-test-trial-5_3253da16-238b-4f45-8610-dff84aa897d4_1695674429772_107.txt"
"33f4dfee-b330-49b3-a70d-c5497436bfe9","1",0.935,TRUE,"18-test-trial-5_33f4dfee-b330-49b3-a70d-c5497436bfe9_1693850268353_518.txt"
"33f4dfee-b330-49b3-a70d-c5497436bfe9","2",0.992,TRUE,"18-test-trial-5_33f4dfee-b330-49b3-a70d-c5497436bfe9_1693850268353_518.txt"
"33f4dfee-b330-49b3-a70d-c5497436bfe9","3",0.912,TRUE,"18-test-trial-5_33f4dfee-b330-49b3-a70d-c5497436bfe9_1693850268353_518.txt"
"33f4dfee-b330-49b3-a70d-c5497436bfe9","4",0.438,TRUE,"18-test-trial-5_33f4dfee-b330-49b3-a70d-c5497436bfe9_1693850268353_518.txt"
"33f4dfee-b330-49b3-a70d-c5497436bfe9","5",0.882,TRUE,"18-test-trial-5_33f4dfee-b330-49b3-a70d-c5497436bfe9_1693850268353_518.txt"
"33f4dfee-b330-49b3-a70d-c5497436bfe9","6",0.515,TRUE,"18-test-trial-5_33f4dfee-b330-49b3-a70d-c5497436bfe9_1693850268353_518.txt"
"3873e122-5f39-4195-bfdf-869c4d529846","1",0,TRUE,"18-test-trial-5_3873e122-5f39-4195-bfdf-869c4d529846_1706916871292_504.txt"
"3873e122-5f39-4195-bfdf-869c4d529846","2",0,TRUE,"18-test-trial-5_3873e122-5f39-4195-bfdf-869c4d529846_1706916871292_504.txt"
"3873e122-5f39-4195-bfdf-869c4d529846","3",0,TRUE,"18-test-trial-5_3873e122-5f39-4195-bfdf-869c4d529846_1706916871292_504.txt"
"3873e122-5f39-4195-bfdf-869c4d529846","4",0,TRUE,"18-test-trial-5_3873e122-5f39-4195-bfdf-869c4d529846_1706916871292_504.txt"
"3873e122-5f39-4195-bfdf-869c4d529846","5",0,TRUE,"18-test-trial-5_3873e122-5f39-4195-bfdf-869c4d529846_1706916871292_504.txt"
"3873e122-5f39-4195-bfdf-869c4d529846","6",0,TRUE,"18-test-trial-5_3873e122-5f39-4195-bfdf-869c4d529846_1706916871292_504.txt"
"388e70f5-902e-4197-9bf0-61e5f32de097","1",0.512,TRUE,"14-test-trial-3_388e70f5-902e-4197-9bf0-61e5f32de097_1699981859102_958.txt"
"388e70f5-902e-4197-9bf0-61e5f32de097","2",0.895,TRUE,"14-test-trial-3_388e70f5-902e-4197-9bf0-61e5f32de097_1699981859102_958.txt"
"388e70f5-902e-4197-9bf0-61e5f32de097","3",0.752,TRUE,"14-test-trial-3_388e70f5-902e-4197-9bf0-61e5f32de097_1699981859102_958.txt"
"388e70f5-902e-4197-9bf0-61e5f32de097","4",0.672,TRUE,"14-test-trial-3_388e70f5-902e-4197-9bf0-61e5f32de097_1699981859102_958.txt"
"388e70f5-902e-4197-9bf0-61e5f32de097","5",0.902,TRUE,"14-test-trial-3_388e70f5-902e-4197-9bf0-61e5f32de097_1699981859102_958.txt"
"388e70f5-902e-4197-9bf0-61e5f32de097","6",0.667,TRUE,"14-test-trial-3_388e70f5-902e-4197-9bf0-61e5f32de097_1699981859102_958.txt"
"3f6f99f8-1ba6-4ce5-8a38-0e0179620eac","1",0.39,TRUE,"14-test-trial-3_3f6f99f8-1ba6-4ce5-8a38-0e0179620eac_1706827368100_720.txt"
"3f6f99f8-1ba6-4ce5-8a38-0e0179620eac","2",0.612,TRUE,"14-test-trial-3_3f6f99f8-1ba6-4ce5-8a38-0e0179620eac_1706827368100_720.txt"
"3f6f99f8-1ba6-4ce5-8a38-0e0179620eac","3",0.838,TRUE,"14-test-trial-3_3f6f99f8-1ba6-4ce5-8a38-0e0179620eac_1706827368100_720.txt"
"3f6f99f8-1ba6-4ce5-8a38-0e0179620eac","4",0.858,TRUE,"14-test-trial-3_3f6f99f8-1ba6-4ce5-8a38-0e0179620eac_1706827368100_720.txt"
"3f6f99f8-1ba6-4ce5-8a38-0e0179620eac","5",0.725,TRUE,"14-test-trial-3_3f6f99f8-1ba6-4ce5-8a38-0e0179620eac_1706827368100_720.txt"
"3f6f99f8-1ba6-4ce5-8a38-0e0179620eac","6",0.625,TRUE,"14-test-trial-3_3f6f99f8-1ba6-4ce5-8a38-0e0179620eac_1706827368100_720.txt"
"3f7b7e18-3928-4322-9742-edbcbf580aeb","1",0.647,TRUE,"14-test-trial-3_3f7b7e18-3928-4322-9742-edbcbf580aeb_1697634907076_526.txt"
"3f7b7e18-3928-4322-9742-edbcbf580aeb","2",0.699,TRUE,"14-test-trial-3_3f7b7e18-3928-4322-9742-edbcbf580aeb_1697634907076_526.txt"
"3f7b7e18-3928-4322-9742-edbcbf580aeb","3",0.865,TRUE,"14-test-trial-3_3f7b7e18-3928-4322-9742-edbcbf580aeb_1697634907076_526.txt"
"3f7b7e18-3928-4322-9742-edbcbf580aeb","4",0.598,TRUE,"14-test-trial-3_3f7b7e18-3928-4322-9742-edbcbf580aeb_1697634907076_526.txt"
"3f7b7e18-3928-4322-9742-edbcbf580aeb","5",0.828,TRUE,"14-test-trial-3_3f7b7e18-3928-4322-9742-edbcbf580aeb_1697634907076_526.txt"
"3f7b7e18-3928-4322-9742-edbcbf580aeb","6",0.547,TRUE,"14-test-trial-3_3f7b7e18-3928-4322-9742-edbcbf580aeb_1697634907076_526.txt"
"47306b3d-3f47-4fa4-853f-d4adbd50ba6c","1",0.858,TRUE,"11-test-trial-2_47306b3d-3f47-4fa4-853f-d4adbd50ba6c_1690577394260_105.txt"
"47306b3d-3f47-4fa4-853f-d4adbd50ba6c","2",0.599,TRUE,"11-test-trial-2_47306b3d-3f47-4fa4-853f-d4adbd50ba6c_1690577394260_105.txt"
"47306b3d-3f47-4fa4-853f-d4adbd50ba6c","3",0.608,TRUE,"11-test-trial-2_47306b3d-3f47-4fa4-853f-d4adbd50ba6c_1690577394260_105.txt"
"47306b3d-3f47-4fa4-853f-d4adbd50ba6c","4",0.603,TRUE,"11-test-trial-2_47306b3d-3f47-4fa4-853f-d4adbd50ba6c_1690577394260_105.txt"
"47306b3d-3f47-4fa4-853f-d4adbd50ba6c","5",0.79,TRUE,"11-test-trial-2_47306b3d-3f47-4fa4-853f-d4adbd50ba6c_1690577394260_105.txt"
"47306b3d-3f47-4fa4-853f-d4adbd50ba6c","6",0.41,TRUE,"11-test-trial-2_47306b3d-3f47-4fa4-853f-d4adbd50ba6c_1690577394260_105.txt"
"48444209-fd3a-4173-8854-366e6f1bb582","1",0.92,TRUE,"16-test-trial-4_48444209-fd3a-4173-8854-366e6f1bb582_1700574736347_9.txt"
"48444209-fd3a-4173-8854-366e6f1bb582","2",0.945,TRUE,"16-test-trial-4_48444209-fd3a-4173-8854-366e6f1bb582_1700574736347_9.txt"
"48444209-fd3a-4173-8854-366e6f1bb582","3",0.805,TRUE,"16-test-trial-4_48444209-fd3a-4173-8854-366e6f1bb582_1700574736347_9.txt"
"48444209-fd3a-4173-8854-366e6f1bb582","4",0.787,TRUE,"16-test-trial-4_48444209-fd3a-4173-8854-366e6f1bb582_1700574736347_9.txt"
"48444209-fd3a-4173-8854-366e6f1bb582","5",0.945,TRUE,"16-test-trial-4_48444209-fd3a-4173-8854-366e6f1bb582_1700574736347_9.txt"
"48444209-fd3a-4173-8854-366e6f1bb582","6",0.802,TRUE,"16-test-trial-4_48444209-fd3a-4173-8854-366e6f1bb582_1700574736347_9.txt"
"484c17b3-9364-461b-80e7-1e3a2715ee8e","1",0.562,TRUE,"18-test-trial-5_484c17b3-9364-461b-80e7-1e3a2715ee8e_1700948468450_8.txt"
"484c17b3-9364-461b-80e7-1e3a2715ee8e","2",0.586,TRUE,"18-test-trial-5_484c17b3-9364-461b-80e7-1e3a2715ee8e_1700948468450_8.txt"
"484c17b3-9364-461b-80e7-1e3a2715ee8e","3",0.51,TRUE,"18-test-trial-5_484c17b3-9364-461b-80e7-1e3a2715ee8e_1700948468450_8.txt"
"484c17b3-9364-461b-80e7-1e3a2715ee8e","4",0.325,TRUE,"18-test-trial-5_484c17b3-9364-461b-80e7-1e3a2715ee8e_1700948468450_8.txt"
"484c17b3-9364-461b-80e7-1e3a2715ee8e","5",0.385,TRUE,"18-test-trial-5_484c17b3-9364-461b-80e7-1e3a2715ee8e_1700948468450_8.txt"
"484c17b3-9364-461b-80e7-1e3a2715ee8e","6",0.442,TRUE,"18-test-trial-5_484c17b3-9364-461b-80e7-1e3a2715ee8e_1700948468450_8.txt"
"4e025f99-b4fa-41d9-8ad9-824b9d88d2d9","1",0.823,TRUE,"16-test-trial-4_4e025f99-b4fa-41d9-8ad9-824b9d88d2d9_1698715690075_520.txt"
"4e025f99-b4fa-41d9-8ad9-824b9d88d2d9","2",0.591,TRUE,"16-test-trial-4_4e025f99-b4fa-41d9-8ad9-824b9d88d2d9_1698715690075_520.txt"
"4e025f99-b4fa-41d9-8ad9-824b9d88d2d9","3",0.627,TRUE,"16-test-trial-4_4e025f99-b4fa-41d9-8ad9-824b9d88d2d9_1698715690075_520.txt"
"4e025f99-b4fa-41d9-8ad9-824b9d88d2d9","4",0.368,TRUE,"16-test-trial-4_4e025f99-b4fa-41d9-8ad9-824b9d88d2d9_1698715690075_520.txt"
"4e025f99-b4fa-41d9-8ad9-824b9d88d2d9","5",0.175,TRUE,"16-test-trial-4_4e025f99-b4fa-41d9-8ad9-824b9d88d2d9_1698715690075_520.txt"
"4e025f99-b4fa-41d9-8ad9-824b9d88d2d9","6",0.225,TRUE,"16-test-trial-4_4e025f99-b4fa-41d9-8ad9-824b9d88d2d9_1698715690075_520.txt"
"500df8d0-a283-43bd-b60b-dd291f0484b0","1",0.805,TRUE,"17-test-trial-5_500df8d0-a283-43bd-b60b-dd291f0484b0_1691939419133_905.txt"
"500df8d0-a283-43bd-b60b-dd291f0484b0","2",0.88,TRUE,"17-test-trial-5_500df8d0-a283-43bd-b60b-dd291f0484b0_1691939419133_905.txt"
"500df8d0-a283-43bd-b60b-dd291f0484b0","3",0.288,TRUE,"17-test-trial-5_500df8d0-a283-43bd-b60b-dd291f0484b0_1691939419133_905.txt"
"500df8d0-a283-43bd-b60b-dd291f0484b0","4",0.11,TRUE,"17-test-trial-5_500df8d0-a283-43bd-b60b-dd291f0484b0_1691939419133_905.txt"
"500df8d0-a283-43bd-b60b-dd291f0484b0","5",0.038,TRUE,"17-test-trial-5_500df8d0-a283-43bd-b60b-dd291f0484b0_1691939419133_905.txt"
"500df8d0-a283-43bd-b60b-dd291f0484b0","6",0.65,TRUE,"17-test-trial-5_500df8d0-a283-43bd-b60b-dd291f0484b0_1691939419133_905.txt"
"541b92ea-6a83-4026-b6ff-72575cba1785","1",0.695,TRUE,"11-test-trial-2_541b92ea-6a83-4026-b6ff-72575cba1785_1690470673955_785.txt"
"541b92ea-6a83-4026-b6ff-72575cba1785","2",0.995,TRUE,"11-test-trial-2_541b92ea-6a83-4026-b6ff-72575cba1785_1690470673955_785.txt"
"541b92ea-6a83-4026-b6ff-72575cba1785","3",0.983,TRUE,"11-test-trial-2_541b92ea-6a83-4026-b6ff-72575cba1785_1690470673955_785.txt"
"541b92ea-6a83-4026-b6ff-72575cba1785","4",0.96,TRUE,"11-test-trial-2_541b92ea-6a83-4026-b6ff-72575cba1785_1690470673955_785.txt"
"541b92ea-6a83-4026-b6ff-72575cba1785","5",0.825,TRUE,"11-test-trial-2_541b92ea-6a83-4026-b6ff-72575cba1785_1690470673955_785.txt"
"541b92ea-6a83-4026-b6ff-72575cba1785","6",0.945,TRUE,"11-test-trial-2_541b92ea-6a83-4026-b6ff-72575cba1785_1690470673955_785.txt"
"542a740b-12ca-43b1-96a0-6b2c2142d327","1",0.775,TRUE,"12-test-trial-2_542a740b-12ca-43b1-96a0-6b2c2142d327_1710542787539_360.txt"
"542a740b-12ca-43b1-96a0-6b2c2142d327","2",0.293,TRUE,"12-test-trial-2_542a740b-12ca-43b1-96a0-6b2c2142d327_1710542787539_360.txt"
"542a740b-12ca-43b1-96a0-6b2c2142d327","3",0.532,TRUE,"12-test-trial-2_542a740b-12ca-43b1-96a0-6b2c2142d327_1710542787539_360.txt"
"542a740b-12ca-43b1-96a0-6b2c2142d327","4",0.522,TRUE,"12-test-trial-2_542a740b-12ca-43b1-96a0-6b2c2142d327_1710542787539_360.txt"
"542a740b-12ca-43b1-96a0-6b2c2142d327","5",0.475,TRUE,"12-test-trial-2_542a740b-12ca-43b1-96a0-6b2c2142d327_1710542787539_360.txt"
"542a740b-12ca-43b1-96a0-6b2c2142d327","6",0.698,TRUE,"12-test-trial-2_542a740b-12ca-43b1-96a0-6b2c2142d327_1710542787539_360.txt"
"5695668c-eb3e-4156-8fe9-8c8615c26a4a","1",0.78,TRUE,"18-test-trial-5_5695668c-eb3e-4156-8fe9-8c8615c26a4a_1698073016010_703.txt"
"5695668c-eb3e-4156-8fe9-8c8615c26a4a","2",0.702,TRUE,"18-test-trial-5_5695668c-eb3e-4156-8fe9-8c8615c26a4a_1698073016010_703.txt"
"5695668c-eb3e-4156-8fe9-8c8615c26a4a","3",0.24,TRUE,"18-test-trial-5_5695668c-eb3e-4156-8fe9-8c8615c26a4a_1698073016010_703.txt"
"5695668c-eb3e-4156-8fe9-8c8615c26a4a","4",0.505,TRUE,"18-test-trial-5_5695668c-eb3e-4156-8fe9-8c8615c26a4a_1698073016010_703.txt"
"5695668c-eb3e-4156-8fe9-8c8615c26a4a","5",0.665,TRUE,"18-test-trial-5_5695668c-eb3e-4156-8fe9-8c8615c26a4a_1698073016010_703.txt"
"5695668c-eb3e-4156-8fe9-8c8615c26a4a","6",0.438,TRUE,"18-test-trial-5_5695668c-eb3e-4156-8fe9-8c8615c26a4a_1698073016010_703.txt"
"5864ecf2-7993-4712-9177-f4feeab105ea","1",0.922,TRUE,"10-test-trial-1_5864ecf2-7993-4712-9177-f4feeab105ea_1693484365408_391.txt"
"5864ecf2-7993-4712-9177-f4feeab105ea","2",0.396,TRUE,"10-test-trial-1_5864ecf2-7993-4712-9177-f4feeab105ea_1693484365408_391.txt"
"5864ecf2-7993-4712-9177-f4feeab105ea","3",0,FALSE,"10-test-trial-1_5864ecf2-7993-4712-9177-f4feeab105ea_1693484365408_391.txt"
"5864ecf2-7993-4712-9177-f4feeab105ea","4",0,FALSE,"10-test-trial-1_5864ecf2-7993-4712-9177-f4feeab105ea_1693484365408_391.txt"
"5864ecf2-7993-4712-9177-f4feeab105ea","5",0,FALSE,"10-test-trial-1_5864ecf2-7993-4712-9177-f4feeab105ea_1693484365408_391.txt"
"5864ecf2-7993-4712-9177-f4feeab105ea","6",0,FALSE,"10-test-trial-1_5864ecf2-7993-4712-9177-f4feeab105ea_1693484365408_391.txt"
"5a7ea095-c369-46ce-9b7e-5538504dce52","1",0.462,TRUE,"18-test-trial-5_5a7ea095-c369-46ce-9b7e-5538504dce52_1711472743936_755.txt"
"5a7ea095-c369-46ce-9b7e-5538504dce52","2",0.401,TRUE,"18-test-trial-5_5a7ea095-c369-46ce-9b7e-5538504dce52_1711472743936_755.txt"
"5a7ea095-c369-46ce-9b7e-5538504dce52","3",0.29,TRUE,"18-test-trial-5_5a7ea095-c369-46ce-9b7e-5538504dce52_1711472743936_755.txt"
"5a7ea095-c369-46ce-9b7e-5538504dce52","4",0.555,TRUE,"18-test-trial-5_5a7ea095-c369-46ce-9b7e-5538504dce52_1711472743936_755.txt"
"5a7ea095-c369-46ce-9b7e-5538504dce52","5",0.865,TRUE,"18-test-trial-5_5a7ea095-c369-46ce-9b7e-5538504dce52_1711472743936_755.txt"
"5a7ea095-c369-46ce-9b7e-5538504dce52","6",0.355,TRUE,"18-test-trial-5_5a7ea095-c369-46ce-9b7e-5538504dce52_1711472743936_755.txt"
"5ec484d7-b2e0-47ab-ab9a-34290f15cfcc","1",0.76,TRUE,"16-test-trial-4_5ec484d7-b2e0-47ab-ab9a-34290f15cfcc_1695755544126_31.txt"
"5ec484d7-b2e0-47ab-ab9a-34290f15cfcc","2",0.622,TRUE,"16-test-trial-4_5ec484d7-b2e0-47ab-ab9a-34290f15cfcc_1695755544126_31.txt"
"5ec484d7-b2e0-47ab-ab9a-34290f15cfcc","3",0.735,TRUE,"16-test-trial-4_5ec484d7-b2e0-47ab-ab9a-34290f15cfcc_1695755544126_31.txt"
"5ec484d7-b2e0-47ab-ab9a-34290f15cfcc","4",0.765,TRUE,"16-test-trial-4_5ec484d7-b2e0-47ab-ab9a-34290f15cfcc_1695755544126_31.txt"
"5ec484d7-b2e0-47ab-ab9a-34290f15cfcc","5",0.578,TRUE,"16-test-trial-4_5ec484d7-b2e0-47ab-ab9a-34290f15cfcc_1695755544126_31.txt"
"5ec484d7-b2e0-47ab-ab9a-34290f15cfcc","6",0.35,TRUE,"16-test-trial-4_5ec484d7-b2e0-47ab-ab9a-34290f15cfcc_1695755544126_31.txt"
"6cc17b70-29de-481b-8672-f70a2428e0f9","1",0.7,TRUE,"12-test-trial-2_6cc17b70-29de-481b-8672-f70a2428e0f9_1708556387009_668.txt"
"6cc17b70-29de-481b-8672-f70a2428e0f9","2",0.747,TRUE,"12-test-trial-2_6cc17b70-29de-481b-8672-f70a2428e0f9_1708556387009_668.txt"
"6cc17b70-29de-481b-8672-f70a2428e0f9","3",0.608,TRUE,"12-test-trial-2_6cc17b70-29de-481b-8672-f70a2428e0f9_1708556387009_668.txt"
"6cc17b70-29de-481b-8672-f70a2428e0f9","4",0.655,TRUE,"12-test-trial-2_6cc17b70-29de-481b-8672-f70a2428e0f9_1708556387009_668.txt"
"6cc17b70-29de-481b-8672-f70a2428e0f9","5",0.488,TRUE,"12-test-trial-2_6cc17b70-29de-481b-8672-f70a2428e0f9_1708556387009_668.txt"
"6cc17b70-29de-481b-8672-f70a2428e0f9","6",0.322,TRUE,"12-test-trial-2_6cc17b70-29de-481b-8672-f70a2428e0f9_1708556387009_668.txt"
"768cde0d-7d32-4d1f-b551-d9192946e6c0","1",0.733,TRUE,"16-test-trial-4_768cde0d-7d32-4d1f-b551-d9192946e6c0_1706905481626_619.txt"
"768cde0d-7d32-4d1f-b551-d9192946e6c0","2",0.85,TRUE,"16-test-trial-4_768cde0d-7d32-4d1f-b551-d9192946e6c0_1706905481626_619.txt"
"768cde0d-7d32-4d1f-b551-d9192946e6c0","3",0.767,TRUE,"16-test-trial-4_768cde0d-7d32-4d1f-b551-d9192946e6c0_1706905481626_619.txt"
"768cde0d-7d32-4d1f-b551-d9192946e6c0","4",0.425,TRUE,"16-test-trial-4_768cde0d-7d32-4d1f-b551-d9192946e6c0_1706905481626_619.txt"
"768cde0d-7d32-4d1f-b551-d9192946e6c0","5",0.723,TRUE,"16-test-trial-4_768cde0d-7d32-4d1f-b551-d9192946e6c0_1706905481626_619.txt"
"768cde0d-7d32-4d1f-b551-d9192946e6c0","6",0.882,TRUE,"16-test-trial-4_768cde0d-7d32-4d1f-b551-d9192946e6c0_1706905481626_619.txt"
"8027ff65-17d3-4496-a0f3-e4feeaee5ffe","1",0.43,TRUE,"18-test-trial-5_8027ff65-17d3-4496-a0f3-e4feeaee5ffe_1700582180427_398.txt"
"8027ff65-17d3-4496-a0f3-e4feeaee5ffe","2",0.521,TRUE,"18-test-trial-5_8027ff65-17d3-4496-a0f3-e4feeaee5ffe_1700582180427_398.txt"
"8027ff65-17d3-4496-a0f3-e4feeaee5ffe","3",0.73,TRUE,"18-test-trial-5_8027ff65-17d3-4496-a0f3-e4feeaee5ffe_1700582180427_398.txt"
"8027ff65-17d3-4496-a0f3-e4feeaee5ffe","4",0.512,TRUE,"18-test-trial-5_8027ff65-17d3-4496-a0f3-e4feeaee5ffe_1700582180427_398.txt"
"8027ff65-17d3-4496-a0f3-e4feeaee5ffe","5",0.155,TRUE,"18-test-trial-5_8027ff65-17d3-4496-a0f3-e4feeaee5ffe_1700582180427_398.txt"
"8027ff65-17d3-4496-a0f3-e4feeaee5ffe","6",0.335,TRUE,"18-test-trial-5_8027ff65-17d3-4496-a0f3-e4feeaee5ffe_1700582180427_398.txt"
"82e131df-e2ce-47da-9b19-990c27fa04a7","1",0.625,TRUE,"10-test-trial-1_82e131df-e2ce-47da-9b19-990c27fa04a7_1701874415898_240.txt"
"82e131df-e2ce-47da-9b19-990c27fa04a7","2",0.206,TRUE,"10-test-trial-1_82e131df-e2ce-47da-9b19-990c27fa04a7_1701874415898_240.txt"
"82e131df-e2ce-47da-9b19-990c27fa04a7","3",0,TRUE,"10-test-trial-1_82e131df-e2ce-47da-9b19-990c27fa04a7_1701874415898_240.txt"
"82e131df-e2ce-47da-9b19-990c27fa04a7","4",0.422,TRUE,"10-test-trial-1_82e131df-e2ce-47da-9b19-990c27fa04a7_1701874415898_240.txt"
"82e131df-e2ce-47da-9b19-990c27fa04a7","5",0.532,TRUE,"10-test-trial-1_82e131df-e2ce-47da-9b19-990c27fa04a7_1701874415898_240.txt"
"82e131df-e2ce-47da-9b19-990c27fa04a7","6",0.535,TRUE,"10-test-trial-1_82e131df-e2ce-47da-9b19-990c27fa04a7_1701874415898_240.txt"
"84d5c1e5-cadb-46dd-aca5-1a906e3916ca","1",0.85,TRUE,"18-test-trial-5_84d5c1e5-cadb-46dd-aca5-1a906e3916ca_1694975002500_432.txt"
"84d5c1e5-cadb-46dd-aca5-1a906e3916ca","2",0.767,TRUE,"18-test-trial-5_84d5c1e5-cadb-46dd-aca5-1a906e3916ca_1694975002500_432.txt"
"84d5c1e5-cadb-46dd-aca5-1a906e3916ca","3",0.545,TRUE,"18-test-trial-5_84d5c1e5-cadb-46dd-aca5-1a906e3916ca_1694975002500_432.txt"
"84d5c1e5-cadb-46dd-aca5-1a906e3916ca","4",0.958,TRUE,"18-test-trial-5_84d5c1e5-cadb-46dd-aca5-1a906e3916ca_1694975002500_432.txt"
"84d5c1e5-cadb-46dd-aca5-1a906e3916ca","5",0.795,TRUE,"18-test-trial-5_84d5c1e5-cadb-46dd-aca5-1a906e3916ca_1694975002500_432.txt"
"84d5c1e5-cadb-46dd-aca5-1a906e3916ca","6",0.623,TRUE,"18-test-trial-5_84d5c1e5-cadb-46dd-aca5-1a906e3916ca_1694975002500_432.txt"
"87596fb5-e33a-4991-961b-e3f5a3ea080f","1",0.927,TRUE,"10-test-trial-1_87596fb5-e33a-4991-961b-e3f5a3ea080f_1693935843437_918.txt"
"87596fb5-e33a-4991-961b-e3f5a3ea080f","2",0.89,TRUE,"10-test-trial-1_87596fb5-e33a-4991-961b-e3f5a3ea080f_1693935843437_918.txt"
"87596fb5-e33a-4991-961b-e3f5a3ea080f","3",0.718,TRUE,"10-test-trial-1_87596fb5-e33a-4991-961b-e3f5a3ea080f_1693935843437_918.txt"
"87596fb5-e33a-4991-961b-e3f5a3ea080f","4",0.623,TRUE,"10-test-trial-1_87596fb5-e33a-4991-961b-e3f5a3ea080f_1693935843437_918.txt"
"87596fb5-e33a-4991-961b-e3f5a3ea080f","5",0.84,TRUE,"10-test-trial-1_87596fb5-e33a-4991-961b-e3f5a3ea080f_1693935843437_918.txt"
"87596fb5-e33a-4991-961b-e3f5a3ea080f","6",0.91,TRUE,"10-test-trial-1_87596fb5-e33a-4991-961b-e3f5a3ea080f_1693935843437_918.txt"
"88841493-50a2-4b5c-adf6-4ba51ee9bc8a","1",0.85,TRUE,"14-test-trial-3_88841493-50a2-4b5c-adf6-4ba51ee9bc8a_1694283275432_106.txt"
"88841493-50a2-4b5c-adf6-4ba51ee9bc8a","2",0.862,TRUE,"14-test-trial-3_88841493-50a2-4b5c-adf6-4ba51ee9bc8a_1694283275432_106.txt"
"88841493-50a2-4b5c-adf6-4ba51ee9bc8a","3",0.733,TRUE,"14-test-trial-3_88841493-50a2-4b5c-adf6-4ba51ee9bc8a_1694283275432_106.txt"
"88841493-50a2-4b5c-adf6-4ba51ee9bc8a","4",0.645,TRUE,"14-test-trial-3_88841493-50a2-4b5c-adf6-4ba51ee9bc8a_1694283275432_106.txt"
"88841493-50a2-4b5c-adf6-4ba51ee9bc8a","5",0.858,TRUE,"14-test-trial-3_88841493-50a2-4b5c-adf6-4ba51ee9bc8a_1694283275432_106.txt"
"88841493-50a2-4b5c-adf6-4ba51ee9bc8a","6",0.537,TRUE,"14-test-trial-3_88841493-50a2-4b5c-adf6-4ba51ee9bc8a_1694283275432_106.txt"
"88ff4560-925e-4786-a72a-41dcb62716b6","1",0.915,TRUE,"18-test-trial-5_88ff4560-925e-4786-a72a-41dcb62716b6_1697229221620_911.txt"
"88ff4560-925e-4786-a72a-41dcb62716b6","2",0.962,TRUE,"18-test-trial-5_88ff4560-925e-4786-a72a-41dcb62716b6_1697229221620_911.txt"
"88ff4560-925e-4786-a72a-41dcb62716b6","3",0.83,TRUE,"18-test-trial-5_88ff4560-925e-4786-a72a-41dcb62716b6_1697229221620_911.txt"
"88ff4560-925e-4786-a72a-41dcb62716b6","4",0.945,TRUE,"18-test-trial-5_88ff4560-925e-4786-a72a-41dcb62716b6_1697229221620_911.txt"
"88ff4560-925e-4786-a72a-41dcb62716b6","5",0.935,TRUE,"18-test-trial-5_88ff4560-925e-4786-a72a-41dcb62716b6_1697229221620_911.txt"
"88ff4560-925e-4786-a72a-41dcb62716b6","6",0.885,TRUE,"18-test-trial-5_88ff4560-925e-4786-a72a-41dcb62716b6_1697229221620_911.txt"
"8a362df5-0bae-43b3-a757-fd160cf111aa","1",0.958,TRUE,"18-test-trial-5_8a362df5-0bae-43b3-a757-fd160cf111aa_1693508095409_623.txt"
"8a362df5-0bae-43b3-a757-fd160cf111aa","2",0.401,TRUE,"18-test-trial-5_8a362df5-0bae-43b3-a757-fd160cf111aa_1693508095409_623.txt"
"8a362df5-0bae-43b3-a757-fd160cf111aa","3",0.973,TRUE,"18-test-trial-5_8a362df5-0bae-43b3-a757-fd160cf111aa_1693508095409_623.txt"
"8a362df5-0bae-43b3-a757-fd160cf111aa","4",0.718,TRUE,"18-test-trial-5_8a362df5-0bae-43b3-a757-fd160cf111aa_1693508095409_623.txt"
"8a362df5-0bae-43b3-a757-fd160cf111aa","5",0.93,TRUE,"18-test-trial-5_8a362df5-0bae-43b3-a757-fd160cf111aa_1693508095409_623.txt"
"8a362df5-0bae-43b3-a757-fd160cf111aa","6",0.873,TRUE,"18-test-trial-5_8a362df5-0bae-43b3-a757-fd160cf111aa_1693508095409_623.txt"
"8df921fc-7c18-41bf-8a95-f3ebc3668b4f","1",0.043,TRUE,"14-test-trial-3_8df921fc-7c18-41bf-8a95-f3ebc3668b4f_1706979861971_565.txt"
"8df921fc-7c18-41bf-8a95-f3ebc3668b4f","2",0.313,TRUE,"14-test-trial-3_8df921fc-7c18-41bf-8a95-f3ebc3668b4f_1706979861971_565.txt"
"8df921fc-7c18-41bf-8a95-f3ebc3668b4f","3",0.302,TRUE,"14-test-trial-3_8df921fc-7c18-41bf-8a95-f3ebc3668b4f_1706979861971_565.txt"
"8df921fc-7c18-41bf-8a95-f3ebc3668b4f","4",0.22,TRUE,"14-test-trial-3_8df921fc-7c18-41bf-8a95-f3ebc3668b4f_1706979861971_565.txt"
"8df921fc-7c18-41bf-8a95-f3ebc3668b4f","5",0.305,TRUE,"14-test-trial-3_8df921fc-7c18-41bf-8a95-f3ebc3668b4f_1706979861971_565.txt"
"8df921fc-7c18-41bf-8a95-f3ebc3668b4f","6",0.068,TRUE,"14-test-trial-3_8df921fc-7c18-41bf-8a95-f3ebc3668b4f_1706979861971_565.txt"
"924bd4e6-f346-4f1a-9c6b-c6db75dd7afb","1",0.848,TRUE,"11-test-trial-2_924bd4e6-f346-4f1a-9c6b-c6db75dd7afb_1690550439218_276.txt"
"924bd4e6-f346-4f1a-9c6b-c6db75dd7afb","2",0.742,TRUE,"11-test-trial-2_924bd4e6-f346-4f1a-9c6b-c6db75dd7afb_1690550439218_276.txt"
"924bd4e6-f346-4f1a-9c6b-c6db75dd7afb","3",0.378,TRUE,"11-test-trial-2_924bd4e6-f346-4f1a-9c6b-c6db75dd7afb_1690550439218_276.txt"
"924bd4e6-f346-4f1a-9c6b-c6db75dd7afb","4",0.613,TRUE,"11-test-trial-2_924bd4e6-f346-4f1a-9c6b-c6db75dd7afb_1690550439218_276.txt"
"924bd4e6-f346-4f1a-9c6b-c6db75dd7afb","5",0.308,TRUE,"11-test-trial-2_924bd4e6-f346-4f1a-9c6b-c6db75dd7afb_1690550439218_276.txt"
"924bd4e6-f346-4f1a-9c6b-c6db75dd7afb","6",0.64,TRUE,"11-test-trial-2_924bd4e6-f346-4f1a-9c6b-c6db75dd7afb_1690550439218_276.txt"
"948f9377-b3b7-4910-87d6-b64eeee52434","1",0.7,TRUE,"11-test-trial-2_948f9377-b3b7-4910-87d6-b64eeee52434_1690890079683_950.txt"
"948f9377-b3b7-4910-87d6-b64eeee52434","2",0.253,TRUE,"11-test-trial-2_948f9377-b3b7-4910-87d6-b64eeee52434_1690890079683_950.txt"
"948f9377-b3b7-4910-87d6-b64eeee52434","3",0.358,TRUE,"11-test-trial-2_948f9377-b3b7-4910-87d6-b64eeee52434_1690890079683_950.txt"
"948f9377-b3b7-4910-87d6-b64eeee52434","4",0.475,TRUE,"11-test-trial-2_948f9377-b3b7-4910-87d6-b64eeee52434_1690890079683_950.txt"
"948f9377-b3b7-4910-87d6-b64eeee52434","5",0.31,TRUE,"11-test-trial-2_948f9377-b3b7-4910-87d6-b64eeee52434_1690890079683_950.txt"
"948f9377-b3b7-4910-87d6-b64eeee52434","6",0.175,TRUE,"11-test-trial-2_948f9377-b3b7-4910-87d6-b64eeee52434_1690890079683_950.txt"
"9549c2f3-772f-410d-893c-e0def0134a22","1",0.32,TRUE,"10-test-trial-1_9549c2f3-772f-410d-893c-e0def0134a22_1706810363829_512.txt"
"9549c2f3-772f-410d-893c-e0def0134a22","2",0.509,TRUE,"10-test-trial-1_9549c2f3-772f-410d-893c-e0def0134a22_1706810363829_512.txt"
"9549c2f3-772f-410d-893c-e0def0134a22","3",0.55,TRUE,"10-test-trial-1_9549c2f3-772f-410d-893c-e0def0134a22_1706810363829_512.txt"
"9549c2f3-772f-410d-893c-e0def0134a22","4",0.907,TRUE,"10-test-trial-1_9549c2f3-772f-410d-893c-e0def0134a22_1706810363829_512.txt"
"9549c2f3-772f-410d-893c-e0def0134a22","5",0.8,TRUE,"10-test-trial-1_9549c2f3-772f-410d-893c-e0def0134a22_1706810363829_512.txt"
"9549c2f3-772f-410d-893c-e0def0134a22","6",0.67,TRUE,"10-test-trial-1_9549c2f3-772f-410d-893c-e0def0134a22_1706810363829_512.txt"
"96525cba-df8a-4248-90f6-220441592b0e","1",0.815,TRUE,"16-test-trial-4_96525cba-df8a-4248-90f6-220441592b0e_1694466536462_9.txt"
"96525cba-df8a-4248-90f6-220441592b0e","2",0.722,TRUE,"16-test-trial-4_96525cba-df8a-4248-90f6-220441592b0e_1694466536462_9.txt"
"96525cba-df8a-4248-90f6-220441592b0e","3",0.605,TRUE,"16-test-trial-4_96525cba-df8a-4248-90f6-220441592b0e_1694466536462_9.txt"
"96525cba-df8a-4248-90f6-220441592b0e","4",0.235,TRUE,"16-test-trial-4_96525cba-df8a-4248-90f6-220441592b0e_1694466536462_9.txt"
"96525cba-df8a-4248-90f6-220441592b0e","5",0.745,TRUE,"16-test-trial-4_96525cba-df8a-4248-90f6-220441592b0e_1694466536462_9.txt"
"96525cba-df8a-4248-90f6-220441592b0e","6",0.248,TRUE,"16-test-trial-4_96525cba-df8a-4248-90f6-220441592b0e_1694466536462_9.txt"
"9ad57cbc-f883-4b58-9b99-63e64c2bf71e","1",0.472,TRUE,"14-test-trial-3_9ad57cbc-f883-4b58-9b99-63e64c2bf71e_1696875690702_919.txt"
"9ad57cbc-f883-4b58-9b99-63e64c2bf71e","2",0.373,TRUE,"14-test-trial-3_9ad57cbc-f883-4b58-9b99-63e64c2bf71e_1696875690702_919.txt"
"9ad57cbc-f883-4b58-9b99-63e64c2bf71e","3",0.44,TRUE,"14-test-trial-3_9ad57cbc-f883-4b58-9b99-63e64c2bf71e_1696875690702_919.txt"
"9ad57cbc-f883-4b58-9b99-63e64c2bf71e","4",0.45,TRUE,"14-test-trial-3_9ad57cbc-f883-4b58-9b99-63e64c2bf71e_1696875690702_919.txt"
"9ad57cbc-f883-4b58-9b99-63e64c2bf71e","5",0.345,TRUE,"14-test-trial-3_9ad57cbc-f883-4b58-9b99-63e64c2bf71e_1696875690702_919.txt"
"9ad57cbc-f883-4b58-9b99-63e64c2bf71e","6",0.202,TRUE,"14-test-trial-3_9ad57cbc-f883-4b58-9b99-63e64c2bf71e_1696875690702_919.txt"
"9fd3fdc0-0d1d-4684-8567-479616056287","1",0.738,TRUE,"16-test-trial-4_9fd3fdc0-0d1d-4684-8567-479616056287_1698511993042_458.txt"
"9fd3fdc0-0d1d-4684-8567-479616056287","2",0.617,TRUE,"16-test-trial-4_9fd3fdc0-0d1d-4684-8567-479616056287_1698511993042_458.txt"
"9fd3fdc0-0d1d-4684-8567-479616056287","3",0.415,TRUE,"16-test-trial-4_9fd3fdc0-0d1d-4684-8567-479616056287_1698511993042_458.txt"
"9fd3fdc0-0d1d-4684-8567-479616056287","4",0.22,TRUE,"16-test-trial-4_9fd3fdc0-0d1d-4684-8567-479616056287_1698511993042_458.txt"
"9fd3fdc0-0d1d-4684-8567-479616056287","5",0.225,TRUE,"16-test-trial-4_9fd3fdc0-0d1d-4684-8567-479616056287_1698511993042_458.txt"
"9fd3fdc0-0d1d-4684-8567-479616056287","6",0.61,TRUE,"16-test-trial-4_9fd3fdc0-0d1d-4684-8567-479616056287_1698511993042_458.txt"
"9fd4e3f9-ea8a-48df-a526-04bdbc59ac79","1",0.657,TRUE,"10-test-trial-1_9fd4e3f9-ea8a-48df-a526-04bdbc59ac79_1698191424218_30.txt"
"9fd4e3f9-ea8a-48df-a526-04bdbc59ac79","2",0.627,TRUE,"10-test-trial-1_9fd4e3f9-ea8a-48df-a526-04bdbc59ac79_1698191424218_30.txt"
"9fd4e3f9-ea8a-48df-a526-04bdbc59ac79","3",0.745,TRUE,"10-test-trial-1_9fd4e3f9-ea8a-48df-a526-04bdbc59ac79_1698191424218_30.txt"
"9fd4e3f9-ea8a-48df-a526-04bdbc59ac79","4",0.17,TRUE,"10-test-trial-1_9fd4e3f9-ea8a-48df-a526-04bdbc59ac79_1698191424218_30.txt"
"9fd4e3f9-ea8a-48df-a526-04bdbc59ac79","5",0.302,TRUE,"10-test-trial-1_9fd4e3f9-ea8a-48df-a526-04bdbc59ac79_1698191424218_30.txt"
"9fd4e3f9-ea8a-48df-a526-04bdbc59ac79","6",0.932,TRUE,"10-test-trial-1_9fd4e3f9-ea8a-48df-a526-04bdbc59ac79_1698191424218_30.txt"
"a0fe20d1-1d1b-420a-9cf1-5d3077547554","1",0.703,TRUE,"14-test-trial-3_a0fe20d1-1d1b-420a-9cf1-5d3077547554_1696633395974_308.txt"
"a0fe20d1-1d1b-420a-9cf1-5d3077547554","2",0.619,TRUE,"14-test-trial-3_a0fe20d1-1d1b-420a-9cf1-5d3077547554_1696633395974_308.txt"
"a0fe20d1-1d1b-420a-9cf1-5d3077547554","3",0.605,TRUE,"14-test-trial-3_a0fe20d1-1d1b-420a-9cf1-5d3077547554_1696633395974_308.txt"
"a0fe20d1-1d1b-420a-9cf1-5d3077547554","4",0.892,TRUE,"14-test-trial-3_a0fe20d1-1d1b-420a-9cf1-5d3077547554_1696633395974_308.txt"
"a0fe20d1-1d1b-420a-9cf1-5d3077547554","5",0.812,TRUE,"14-test-trial-3_a0fe20d1-1d1b-420a-9cf1-5d3077547554_1696633395974_308.txt"
"a0fe20d1-1d1b-420a-9cf1-5d3077547554","6",0.68,TRUE,"14-test-trial-3_a0fe20d1-1d1b-420a-9cf1-5d3077547554_1696633395974_308.txt"
"a41efa95-31e9-4d20-ac63-5662316bd7e5","1",0.365,TRUE,"11-test-trial-2_a41efa95-31e9-4d20-ac63-5662316bd7e5_1691072798468_898.txt"
"a41efa95-31e9-4d20-ac63-5662316bd7e5","2",0.398,TRUE,"11-test-trial-2_a41efa95-31e9-4d20-ac63-5662316bd7e5_1691072798468_898.txt"
"a41efa95-31e9-4d20-ac63-5662316bd7e5","3",0.488,TRUE,"11-test-trial-2_a41efa95-31e9-4d20-ac63-5662316bd7e5_1691072798468_898.txt"
"a41efa95-31e9-4d20-ac63-5662316bd7e5","4",0.395,TRUE,"11-test-trial-2_a41efa95-31e9-4d20-ac63-5662316bd7e5_1691072798468_898.txt"
"a41efa95-31e9-4d20-ac63-5662316bd7e5","5",0.472,TRUE,"11-test-trial-2_a41efa95-31e9-4d20-ac63-5662316bd7e5_1691072798468_898.txt"
"a41efa95-31e9-4d20-ac63-5662316bd7e5","6",0.752,TRUE,"11-test-trial-2_a41efa95-31e9-4d20-ac63-5662316bd7e5_1691072798468_898.txt"
"a4731982-01e9-4848-a2f0-a62d433a2ff1","1",0.83,TRUE,"12-test-trial-2_a4731982-01e9-4848-a2f0-a62d433a2ff1_1706705648218_749.txt"
"a4731982-01e9-4848-a2f0-a62d433a2ff1","2",0.799,TRUE,"12-test-trial-2_a4731982-01e9-4848-a2f0-a62d433a2ff1_1706705648218_749.txt"
"a4731982-01e9-4848-a2f0-a62d433a2ff1","3",0.665,TRUE,"12-test-trial-2_a4731982-01e9-4848-a2f0-a62d433a2ff1_1706705648218_749.txt"
"a4731982-01e9-4848-a2f0-a62d433a2ff1","4",0.85,TRUE,"12-test-trial-2_a4731982-01e9-4848-a2f0-a62d433a2ff1_1706705648218_749.txt"
"a4731982-01e9-4848-a2f0-a62d433a2ff1","5",0.735,TRUE,"12-test-trial-2_a4731982-01e9-4848-a2f0-a62d433a2ff1_1706705648218_749.txt"
"a4731982-01e9-4848-a2f0-a62d433a2ff1","6",0.76,TRUE,"12-test-trial-2_a4731982-01e9-4848-a2f0-a62d433a2ff1_1706705648218_749.txt"
"a5dedd8f-fc40-40d4-a794-01c2637fc2ce","1",0.815,TRUE,"10-test-trial-1_a5dedd8f-fc40-40d4-a794-01c2637fc2ce_1694797862950_421.txt"
"a5dedd8f-fc40-40d4-a794-01c2637fc2ce","2",0.697,TRUE,"10-test-trial-1_a5dedd8f-fc40-40d4-a794-01c2637fc2ce_1694797862950_421.txt"
"a5dedd8f-fc40-40d4-a794-01c2637fc2ce","3",0.728,TRUE,"10-test-trial-1_a5dedd8f-fc40-40d4-a794-01c2637fc2ce_1694797862950_421.txt"
"a5dedd8f-fc40-40d4-a794-01c2637fc2ce","4",0.708,TRUE,"10-test-trial-1_a5dedd8f-fc40-40d4-a794-01c2637fc2ce_1694797862950_421.txt"
"a5dedd8f-fc40-40d4-a794-01c2637fc2ce","5",0.43,TRUE,"10-test-trial-1_a5dedd8f-fc40-40d4-a794-01c2637fc2ce_1694797862950_421.txt"
"a5dedd8f-fc40-40d4-a794-01c2637fc2ce","6",0.35,TRUE,"10-test-trial-1_a5dedd8f-fc40-40d4-a794-01c2637fc2ce_1694797862950_421.txt"
"a6141b72-7df0-44a4-9f7f-c1da97daae50","1",0.667,TRUE,"18-test-trial-5_a6141b72-7df0-44a4-9f7f-c1da97daae50_1698352648701_863.txt"
"a6141b72-7df0-44a4-9f7f-c1da97daae50","2",0.805,TRUE,"18-test-trial-5_a6141b72-7df0-44a4-9f7f-c1da97daae50_1698352648701_863.txt"
"a6141b72-7df0-44a4-9f7f-c1da97daae50","3",0.72,TRUE,"18-test-trial-5_a6141b72-7df0-44a4-9f7f-c1da97daae50_1698352648701_863.txt"
"a6141b72-7df0-44a4-9f7f-c1da97daae50","4",0.64,TRUE,"18-test-trial-5_a6141b72-7df0-44a4-9f7f-c1da97daae50_1698352648701_863.txt"
"a6141b72-7df0-44a4-9f7f-c1da97daae50","5",0.777,TRUE,"18-test-trial-5_a6141b72-7df0-44a4-9f7f-c1da97daae50_1698352648701_863.txt"
"a6141b72-7df0-44a4-9f7f-c1da97daae50","6",0.51,TRUE,"18-test-trial-5_a6141b72-7df0-44a4-9f7f-c1da97daae50_1698352648701_863.txt"
"a8aae5c6-ec9b-4dfd-a9c1-4f5976d2d60f","1",0.73,TRUE,"12-test-trial-2_a8aae5c6-ec9b-4dfd-a9c1-4f5976d2d60f_1707411819519_553.txt"
"a8aae5c6-ec9b-4dfd-a9c1-4f5976d2d60f","2",0.802,TRUE,"12-test-trial-2_a8aae5c6-ec9b-4dfd-a9c1-4f5976d2d60f_1707411819519_553.txt"
"a8aae5c6-ec9b-4dfd-a9c1-4f5976d2d60f","3",0.843,TRUE,"12-test-trial-2_a8aae5c6-ec9b-4dfd-a9c1-4f5976d2d60f_1707411819519_553.txt"
"a8aae5c6-ec9b-4dfd-a9c1-4f5976d2d60f","4",0.728,TRUE,"12-test-trial-2_a8aae5c6-ec9b-4dfd-a9c1-4f5976d2d60f_1707411819519_553.txt"
"a8aae5c6-ec9b-4dfd-a9c1-4f5976d2d60f","5",0.6,TRUE,"12-test-trial-2_a8aae5c6-ec9b-4dfd-a9c1-4f5976d2d60f_1707411819519_553.txt"
"a8aae5c6-ec9b-4dfd-a9c1-4f5976d2d60f","6",0.522,TRUE,"12-test-trial-2_a8aae5c6-ec9b-4dfd-a9c1-4f5976d2d60f_1707411819519_553.txt"
"a95dbf10-854f-48d8-a2c8-050706461e96","1",0,TRUE,"18-test-trial-5_a95dbf10-854f-48d8-a2c8-050706461e96_1706737608316_445.txt"
"a95dbf10-854f-48d8-a2c8-050706461e96","2",0,TRUE,"18-test-trial-5_a95dbf10-854f-48d8-a2c8-050706461e96_1706737608316_445.txt"
"a95dbf10-854f-48d8-a2c8-050706461e96","3",0,TRUE,"18-test-trial-5_a95dbf10-854f-48d8-a2c8-050706461e96_1706737608316_445.txt"
"a95dbf10-854f-48d8-a2c8-050706461e96","4",0,TRUE,"18-test-trial-5_a95dbf10-854f-48d8-a2c8-050706461e96_1706737608316_445.txt"
"a95dbf10-854f-48d8-a2c8-050706461e96","5",0.11,TRUE,"18-test-trial-5_a95dbf10-854f-48d8-a2c8-050706461e96_1706737608316_445.txt"
"a95dbf10-854f-48d8-a2c8-050706461e96","6",0,TRUE,"18-test-trial-5_a95dbf10-854f-48d8-a2c8-050706461e96_1706737608316_445.txt"
"aac0690d-0aa0-4ba1-923c-8d11717f228b","1",0.575,TRUE,"12-test-trial-2_aac0690d-0aa0-4ba1-923c-8d11717f228b_1698358444616_782.txt"
"aac0690d-0aa0-4ba1-923c-8d11717f228b","2",0.386,TRUE,"12-test-trial-2_aac0690d-0aa0-4ba1-923c-8d11717f228b_1698358444616_782.txt"
"aac0690d-0aa0-4ba1-923c-8d11717f228b","3",0.555,TRUE,"12-test-trial-2_aac0690d-0aa0-4ba1-923c-8d11717f228b_1698358444616_782.txt"
"aac0690d-0aa0-4ba1-923c-8d11717f228b","4",0.312,TRUE,"12-test-trial-2_aac0690d-0aa0-4ba1-923c-8d11717f228b_1698358444616_782.txt"
"aac0690d-0aa0-4ba1-923c-8d11717f228b","5",0.498,TRUE,"12-test-trial-2_aac0690d-0aa0-4ba1-923c-8d11717f228b_1698358444616_782.txt"
"aac0690d-0aa0-4ba1-923c-8d11717f228b","6",0.45,TRUE,"12-test-trial-2_aac0690d-0aa0-4ba1-923c-8d11717f228b_1698358444616_782.txt"
"ad5bf6d6-7ae2-4b4d-b102-d8406e77c167","1",0.825,TRUE,"14-test-trial-3_ad5bf6d6-7ae2-4b4d-b102-d8406e77c167_1707066791878_181.txt"
"ad5bf6d6-7ae2-4b4d-b102-d8406e77c167","2",0.757,TRUE,"14-test-trial-3_ad5bf6d6-7ae2-4b4d-b102-d8406e77c167_1707066791878_181.txt"
"ad5bf6d6-7ae2-4b4d-b102-d8406e77c167","3",0.623,TRUE,"14-test-trial-3_ad5bf6d6-7ae2-4b4d-b102-d8406e77c167_1707066791878_181.txt"
"ad5bf6d6-7ae2-4b4d-b102-d8406e77c167","4",0.525,TRUE,"14-test-trial-3_ad5bf6d6-7ae2-4b4d-b102-d8406e77c167_1707066791878_181.txt"
"ad5bf6d6-7ae2-4b4d-b102-d8406e77c167","5",0.77,TRUE,"14-test-trial-3_ad5bf6d6-7ae2-4b4d-b102-d8406e77c167_1707066791878_181.txt"
"ad5bf6d6-7ae2-4b4d-b102-d8406e77c167","6",0.98,TRUE,"14-test-trial-3_ad5bf6d6-7ae2-4b4d-b102-d8406e77c167_1707066791878_181.txt"
"ae4de261-f5e7-4282-817b-71d298e6ccec","1",0.82,TRUE,"14-test-trial-3_ae4de261-f5e7-4282-817b-71d298e6ccec_1699648478609_429.txt"
"ae4de261-f5e7-4282-817b-71d298e6ccec","2",0.897,TRUE,"14-test-trial-3_ae4de261-f5e7-4282-817b-71d298e6ccec_1699648478609_429.txt"
"ae4de261-f5e7-4282-817b-71d298e6ccec","3",0.805,TRUE,"14-test-trial-3_ae4de261-f5e7-4282-817b-71d298e6ccec_1699648478609_429.txt"
"ae4de261-f5e7-4282-817b-71d298e6ccec","4",0.672,TRUE,"14-test-trial-3_ae4de261-f5e7-4282-817b-71d298e6ccec_1699648478609_429.txt"
"ae4de261-f5e7-4282-817b-71d298e6ccec","5",0.88,TRUE,"14-test-trial-3_ae4de261-f5e7-4282-817b-71d298e6ccec_1699648478609_429.txt"
"ae4de261-f5e7-4282-817b-71d298e6ccec","6",0.7,TRUE,"14-test-trial-3_ae4de261-f5e7-4282-817b-71d298e6ccec_1699648478609_429.txt"
"af5f2baa-7fed-41c3-83f8-c0c53f202782","1",0.73,TRUE,"12-test-trial-2_af5f2baa-7fed-41c3-83f8-c0c53f202782_1712587044743_233.txt"
"af5f2baa-7fed-41c3-83f8-c0c53f202782","2",0.747,TRUE,"12-test-trial-2_af5f2baa-7fed-41c3-83f8-c0c53f202782_1712587044743_233.txt"
"af5f2baa-7fed-41c3-83f8-c0c53f202782","3",0.565,TRUE,"12-test-trial-2_af5f2baa-7fed-41c3-83f8-c0c53f202782_1712587044743_233.txt"
"af5f2baa-7fed-41c3-83f8-c0c53f202782","4",0.435,TRUE,"12-test-trial-2_af5f2baa-7fed-41c3-83f8-c0c53f202782_1712587044743_233.txt"
"af5f2baa-7fed-41c3-83f8-c0c53f202782","5",0.47,TRUE,"12-test-trial-2_af5f2baa-7fed-41c3-83f8-c0c53f202782_1712587044743_233.txt"
"af5f2baa-7fed-41c3-83f8-c0c53f202782","6",0.637,TRUE,"12-test-trial-2_af5f2baa-7fed-41c3-83f8-c0c53f202782_1712587044743_233.txt"
"b3281ac1-0414-4b63-884a-00770a2c0498","1",0.843,TRUE,"11-test-trial-2_b3281ac1-0414-4b63-884a-00770a2c0498_1690495978828_706.txt"
"b3281ac1-0414-4b63-884a-00770a2c0498","2",0.794,TRUE,"11-test-trial-2_b3281ac1-0414-4b63-884a-00770a2c0498_1690495978828_706.txt"
"b3281ac1-0414-4b63-884a-00770a2c0498","3",0.885,TRUE,"11-test-trial-2_b3281ac1-0414-4b63-884a-00770a2c0498_1690495978828_706.txt"
"b3281ac1-0414-4b63-884a-00770a2c0498","4",0.745,TRUE,"11-test-trial-2_b3281ac1-0414-4b63-884a-00770a2c0498_1690495978828_706.txt"
"b3281ac1-0414-4b63-884a-00770a2c0498","5",0.76,TRUE,"11-test-trial-2_b3281ac1-0414-4b63-884a-00770a2c0498_1690495978828_706.txt"
"b3281ac1-0414-4b63-884a-00770a2c0498","6",0.68,TRUE,"11-test-trial-2_b3281ac1-0414-4b63-884a-00770a2c0498_1690495978828_706.txt"
"b75d59f9-2eb2-464a-872c-c8191db86003","1",0.787,TRUE,"16-test-trial-4_b75d59f9-2eb2-464a-872c-c8191db86003_1696443051661_452.txt"
"b75d59f9-2eb2-464a-872c-c8191db86003","2",0.882,TRUE,"16-test-trial-4_b75d59f9-2eb2-464a-872c-c8191db86003_1696443051661_452.txt"
"b75d59f9-2eb2-464a-872c-c8191db86003","3",0.917,TRUE,"16-test-trial-4_b75d59f9-2eb2-464a-872c-c8191db86003_1696443051661_452.txt"
"b75d59f9-2eb2-464a-872c-c8191db86003","4",0.835,TRUE,"16-test-trial-4_b75d59f9-2eb2-464a-872c-c8191db86003_1696443051661_452.txt"
"b75d59f9-2eb2-464a-872c-c8191db86003","5",0.792,TRUE,"16-test-trial-4_b75d59f9-2eb2-464a-872c-c8191db86003_1696443051661_452.txt"
"b75d59f9-2eb2-464a-872c-c8191db86003","6",0.578,TRUE,"16-test-trial-4_b75d59f9-2eb2-464a-872c-c8191db86003_1696443051661_452.txt"
"b9679102-1cee-4edb-9cd4-00f0aba34ed2","1",0.922,TRUE,"11-test-trial-2_b9679102-1cee-4edb-9cd4-00f0aba34ed2_1691012298483_411.txt"
"b9679102-1cee-4edb-9cd4-00f0aba34ed2","2",0.88,TRUE,"11-test-trial-2_b9679102-1cee-4edb-9cd4-00f0aba34ed2_1691012298483_411.txt"
"b9679102-1cee-4edb-9cd4-00f0aba34ed2","3",0.865,TRUE,"11-test-trial-2_b9679102-1cee-4edb-9cd4-00f0aba34ed2_1691012298483_411.txt"
"b9679102-1cee-4edb-9cd4-00f0aba34ed2","4",0.938,TRUE,"11-test-trial-2_b9679102-1cee-4edb-9cd4-00f0aba34ed2_1691012298483_411.txt"
"b9679102-1cee-4edb-9cd4-00f0aba34ed2","5",0.85,TRUE,"11-test-trial-2_b9679102-1cee-4edb-9cd4-00f0aba34ed2_1691012298483_411.txt"
"b9679102-1cee-4edb-9cd4-00f0aba34ed2","6",0.613,TRUE,"11-test-trial-2_b9679102-1cee-4edb-9cd4-00f0aba34ed2_1691012298483_411.txt"
"ba157a71-c389-4320-a764-5178216947a5","1",0.02,TRUE,"14-test-trial-3_ba157a71-c389-4320-a764-5178216947a5_1694788876683_625.txt"
"ba157a71-c389-4320-a764-5178216947a5","2",0,TRUE,"14-test-trial-3_ba157a71-c389-4320-a764-5178216947a5_1694788876683_625.txt"
"ba157a71-c389-4320-a764-5178216947a5","3",0,TRUE,"14-test-trial-3_ba157a71-c389-4320-a764-5178216947a5_1694788876683_625.txt"
"ba157a71-c389-4320-a764-5178216947a5","4",0,TRUE,"14-test-trial-3_ba157a71-c389-4320-a764-5178216947a5_1694788876683_625.txt"
"ba157a71-c389-4320-a764-5178216947a5","5",0,TRUE,"14-test-trial-3_ba157a71-c389-4320-a764-5178216947a5_1694788876683_625.txt"
"ba157a71-c389-4320-a764-5178216947a5","6",0,TRUE,"14-test-trial-3_ba157a71-c389-4320-a764-5178216947a5_1694788876683_625.txt"
"be476632-1647-4ae8-8497-1d82d41d32b6","1",0.71,TRUE,"18-test-trial-5_be476632-1647-4ae8-8497-1d82d41d32b6_1706699185853_978.txt"
"be476632-1647-4ae8-8497-1d82d41d32b6","2",0.624,TRUE,"18-test-trial-5_be476632-1647-4ae8-8497-1d82d41d32b6_1706699185853_978.txt"
"be476632-1647-4ae8-8497-1d82d41d32b6","3",0.795,TRUE,"18-test-trial-5_be476632-1647-4ae8-8497-1d82d41d32b6_1706699185853_978.txt"
"be476632-1647-4ae8-8497-1d82d41d32b6","4",0.402,TRUE,"18-test-trial-5_be476632-1647-4ae8-8497-1d82d41d32b6_1706699185853_978.txt"
"be476632-1647-4ae8-8497-1d82d41d32b6","5",0.418,TRUE,"18-test-trial-5_be476632-1647-4ae8-8497-1d82d41d32b6_1706699185853_978.txt"
"be476632-1647-4ae8-8497-1d82d41d32b6","6",0.252,TRUE,"18-test-trial-5_be476632-1647-4ae8-8497-1d82d41d32b6_1706699185853_978.txt"
"c249ac99-7103-4d9f-a385-6433ef511b7a","1",0.77,TRUE,"10-test-trial-1_c249ac99-7103-4d9f-a385-6433ef511b7a_1699631685050_397.txt"
"c249ac99-7103-4d9f-a385-6433ef511b7a","2",0.544,TRUE,"10-test-trial-1_c249ac99-7103-4d9f-a385-6433ef511b7a_1699631685050_397.txt"
"c249ac99-7103-4d9f-a385-6433ef511b7a","3",0.875,TRUE,"10-test-trial-1_c249ac99-7103-4d9f-a385-6433ef511b7a_1699631685050_397.txt"
"c249ac99-7103-4d9f-a385-6433ef511b7a","4",0.573,TRUE,"10-test-trial-1_c249ac99-7103-4d9f-a385-6433ef511b7a_1699631685050_397.txt"
"c249ac99-7103-4d9f-a385-6433ef511b7a","5",0.445,TRUE,"10-test-trial-1_c249ac99-7103-4d9f-a385-6433ef511b7a_1699631685050_397.txt"
"c249ac99-7103-4d9f-a385-6433ef511b7a","6",0.537,TRUE,"10-test-trial-1_c249ac99-7103-4d9f-a385-6433ef511b7a_1699631685050_397.txt"
"c2518325-256a-47ae-a0f7-d968e9367e31","1",0.382,TRUE,"16-test-trial-4_c2518325-256a-47ae-a0f7-d968e9367e31_1702165589696_645.txt"
"c2518325-256a-47ae-a0f7-d968e9367e31","2",0,FALSE,"16-test-trial-4_c2518325-256a-47ae-a0f7-d968e9367e31_1702165589696_645.txt"
"c2518325-256a-47ae-a0f7-d968e9367e31","3",0,FALSE,"16-test-trial-4_c2518325-256a-47ae-a0f7-d968e9367e31_1702165589696_645.txt"
"c2518325-256a-47ae-a0f7-d968e9367e31","4",0,FALSE,"16-test-trial-4_c2518325-256a-47ae-a0f7-d968e9367e31_1702165589696_645.txt"
"c2518325-256a-47ae-a0f7-d968e9367e31","5",0,FALSE,"16-test-trial-4_c2518325-256a-47ae-a0f7-d968e9367e31_1702165589696_645.txt"
"c2518325-256a-47ae-a0f7-d968e9367e31","6",0,FALSE,"16-test-trial-4_c2518325-256a-47ae-a0f7-d968e9367e31_1702165589696_645.txt"
"cd0bcb7f-64fb-4cd3-85eb-74011bc1f834","1",0.91,TRUE,"12-test-trial-2_cd0bcb7f-64fb-4cd3-85eb-74011bc1f834_1707249531063_508.txt"
"cd0bcb7f-64fb-4cd3-85eb-74011bc1f834","2",0.757,TRUE,"12-test-trial-2_cd0bcb7f-64fb-4cd3-85eb-74011bc1f834_1707249531063_508.txt"
"cd0bcb7f-64fb-4cd3-85eb-74011bc1f834","3",0.96,TRUE,"12-test-trial-2_cd0bcb7f-64fb-4cd3-85eb-74011bc1f834_1707249531063_508.txt"
"cd0bcb7f-64fb-4cd3-85eb-74011bc1f834","4",0.675,TRUE,"12-test-trial-2_cd0bcb7f-64fb-4cd3-85eb-74011bc1f834_1707249531063_508.txt"
"cd0bcb7f-64fb-4cd3-85eb-74011bc1f834","5",0.68,TRUE,"12-test-trial-2_cd0bcb7f-64fb-4cd3-85eb-74011bc1f834_1707249531063_508.txt"
"cd0bcb7f-64fb-4cd3-85eb-74011bc1f834","6",0.583,TRUE,"12-test-trial-2_cd0bcb7f-64fb-4cd3-85eb-74011bc1f834_1707249531063_508.txt"
"ce300d6b-aeff-41e2-bdaa-4a5a655aab78","1",0.877,TRUE,"18-test-trial-5_ce300d6b-aeff-41e2-bdaa-4a5a655aab78_1697129157165_749.txt"
"ce300d6b-aeff-41e2-bdaa-4a5a655aab78","2",0.87,TRUE,"18-test-trial-5_ce300d6b-aeff-41e2-bdaa-4a5a655aab78_1697129157165_749.txt"
"ce300d6b-aeff-41e2-bdaa-4a5a655aab78","3",0.87,TRUE,"18-test-trial-5_ce300d6b-aeff-41e2-bdaa-4a5a655aab78_1697129157165_749.txt"
"ce300d6b-aeff-41e2-bdaa-4a5a655aab78","4",0.855,TRUE,"18-test-trial-5_ce300d6b-aeff-41e2-bdaa-4a5a655aab78_1697129157165_749.txt"
"ce300d6b-aeff-41e2-bdaa-4a5a655aab78","5",0.593,TRUE,"18-test-trial-5_ce300d6b-aeff-41e2-bdaa-4a5a655aab78_1697129157165_749.txt"
"ce300d6b-aeff-41e2-bdaa-4a5a655aab78","6",0.807,TRUE,"18-test-trial-5_ce300d6b-aeff-41e2-bdaa-4a5a655aab78_1697129157165_749.txt"
"ce3576ae-b709-4de2-9d36-32dc5df83253","1",0.91,TRUE,"16-test-trial-4_ce3576ae-b709-4de2-9d36-32dc5df83253_1699534183198_954.txt"
"ce3576ae-b709-4de2-9d36-32dc5df83253","2",0.652,TRUE,"16-test-trial-4_ce3576ae-b709-4de2-9d36-32dc5df83253_1699534183198_954.txt"
"ce3576ae-b709-4de2-9d36-32dc5df83253","3",0.657,TRUE,"16-test-trial-4_ce3576ae-b709-4de2-9d36-32dc5df83253_1699534183198_954.txt"
"ce3576ae-b709-4de2-9d36-32dc5df83253","4",0.642,TRUE,"16-test-trial-4_ce3576ae-b709-4de2-9d36-32dc5df83253_1699534183198_954.txt"
"ce3576ae-b709-4de2-9d36-32dc5df83253","5",0.81,TRUE,"16-test-trial-4_ce3576ae-b709-4de2-9d36-32dc5df83253_1699534183198_954.txt"
"ce3576ae-b709-4de2-9d36-32dc5df83253","6",0.66,TRUE,"16-test-trial-4_ce3576ae-b709-4de2-9d36-32dc5df83253_1699534183198_954.txt"
"d139f6f2-6b46-45a9-b60b-5d7f1b571c5d","1",0.6,TRUE,"18-test-trial-5_d139f6f2-6b46-45a9-b60b-5d7f1b571c5d_1701183306824_301.txt"
"d139f6f2-6b46-45a9-b60b-5d7f1b571c5d","2",0.97,TRUE,"18-test-trial-5_d139f6f2-6b46-45a9-b60b-5d7f1b571c5d_1701183306824_301.txt"
"d139f6f2-6b46-45a9-b60b-5d7f1b571c5d","3",0.95,TRUE,"18-test-trial-5_d139f6f2-6b46-45a9-b60b-5d7f1b571c5d_1701183306824_301.txt"
"d139f6f2-6b46-45a9-b60b-5d7f1b571c5d","4",0.88,TRUE,"18-test-trial-5_d139f6f2-6b46-45a9-b60b-5d7f1b571c5d_1701183306824_301.txt"
"d139f6f2-6b46-45a9-b60b-5d7f1b571c5d","5",0.745,TRUE,"18-test-trial-5_d139f6f2-6b46-45a9-b60b-5d7f1b571c5d_1701183306824_301.txt"
"d139f6f2-6b46-45a9-b60b-5d7f1b571c5d","6",0.68,TRUE,"18-test-trial-5_d139f6f2-6b46-45a9-b60b-5d7f1b571c5d_1701183306824_301.txt"
"d3bcd095-67fd-4c4f-ba8a-fdc71bf14fa8","1",0.823,TRUE,"14-test-trial-3_d3bcd095-67fd-4c4f-ba8a-fdc71bf14fa8_1706669006823_866.txt"
"d3bcd095-67fd-4c4f-ba8a-fdc71bf14fa8","2",0.88,TRUE,"14-test-trial-3_d3bcd095-67fd-4c4f-ba8a-fdc71bf14fa8_1706669006823_866.txt"
"d3bcd095-67fd-4c4f-ba8a-fdc71bf14fa8","3",0.645,TRUE,"14-test-trial-3_d3bcd095-67fd-4c4f-ba8a-fdc71bf14fa8_1706669006823_866.txt"
"d3bcd095-67fd-4c4f-ba8a-fdc71bf14fa8","4",0.562,TRUE,"14-test-trial-3_d3bcd095-67fd-4c4f-ba8a-fdc71bf14fa8_1706669006823_866.txt"
"d3bcd095-67fd-4c4f-ba8a-fdc71bf14fa8","5",0.87,TRUE,"14-test-trial-3_d3bcd095-67fd-4c4f-ba8a-fdc71bf14fa8_1706669006823_866.txt"
"d3bcd095-67fd-4c4f-ba8a-fdc71bf14fa8","6",0.63,TRUE,"14-test-trial-3_d3bcd095-67fd-4c4f-ba8a-fdc71bf14fa8_1706669006823_866.txt"
"d7947371-1fbc-444b-9f5b-8c93452af17c","1",0.917,TRUE,"12-test-trial-2_d7947371-1fbc-444b-9f5b-8c93452af17c_1694178800054_203.txt"
"d7947371-1fbc-444b-9f5b-8c93452af17c","2",0.777,TRUE,"12-test-trial-2_d7947371-1fbc-444b-9f5b-8c93452af17c_1694178800054_203.txt"
"d7947371-1fbc-444b-9f5b-8c93452af17c","3",0.69,TRUE,"12-test-trial-2_d7947371-1fbc-444b-9f5b-8c93452af17c_1694178800054_203.txt"
"d7947371-1fbc-444b-9f5b-8c93452af17c","4",0.885,TRUE,"12-test-trial-2_d7947371-1fbc-444b-9f5b-8c93452af17c_1694178800054_203.txt"
"d7947371-1fbc-444b-9f5b-8c93452af17c","5",0.905,TRUE,"12-test-trial-2_d7947371-1fbc-444b-9f5b-8c93452af17c_1694178800054_203.txt"
"d7947371-1fbc-444b-9f5b-8c93452af17c","6",0.547,TRUE,"12-test-trial-2_d7947371-1fbc-444b-9f5b-8c93452af17c_1694178800054_203.txt"
"d9c799e8-ffd9-4845-89d1-0e2432e9f25a","1",0.73,TRUE,"10-test-trial-1_d9c799e8-ffd9-4845-89d1-0e2432e9f25a_1695258594772_816.txt"
"d9c799e8-ffd9-4845-89d1-0e2432e9f25a","2",0.574,TRUE,"10-test-trial-1_d9c799e8-ffd9-4845-89d1-0e2432e9f25a_1695258594772_816.txt"
"d9c799e8-ffd9-4845-89d1-0e2432e9f25a","3",0.278,TRUE,"10-test-trial-1_d9c799e8-ffd9-4845-89d1-0e2432e9f25a_1695258594772_816.txt"
"d9c799e8-ffd9-4845-89d1-0e2432e9f25a","4",0.36,TRUE,"10-test-trial-1_d9c799e8-ffd9-4845-89d1-0e2432e9f25a_1695258594772_816.txt"
"d9c799e8-ffd9-4845-89d1-0e2432e9f25a","5",0.368,TRUE,"10-test-trial-1_d9c799e8-ffd9-4845-89d1-0e2432e9f25a_1695258594772_816.txt"
"d9c799e8-ffd9-4845-89d1-0e2432e9f25a","6",0.45,TRUE,"10-test-trial-1_d9c799e8-ffd9-4845-89d1-0e2432e9f25a_1695258594772_816.txt"
"da02ea62-68b6-4b32-965d-9676bd328193","1",0.892,TRUE,"10-test-trial-1_da02ea62-68b6-4b32-965d-9676bd328193_1701793694623_395.txt"
"da02ea62-68b6-4b32-965d-9676bd328193","2",0.514,TRUE,"10-test-trial-1_da02ea62-68b6-4b32-965d-9676bd328193_1701793694623_395.txt"
"da02ea62-68b6-4b32-965d-9676bd328193","3",0.618,TRUE,"10-test-trial-1_da02ea62-68b6-4b32-965d-9676bd328193_1701793694623_395.txt"
"da02ea62-68b6-4b32-965d-9676bd328193","4",0.245,TRUE,"10-test-trial-1_da02ea62-68b6-4b32-965d-9676bd328193_1701793694623_395.txt"
"da02ea62-68b6-4b32-965d-9676bd328193","5",0.232,TRUE,"10-test-trial-1_da02ea62-68b6-4b32-965d-9676bd328193_1701793694623_395.txt"
"da02ea62-68b6-4b32-965d-9676bd328193","6",0.438,TRUE,"10-test-trial-1_da02ea62-68b6-4b32-965d-9676bd328193_1701793694623_395.txt"
"daa9097b-722d-4e57-846a-97a5e548e2ce","1",0.652,TRUE,"10-test-trial-1_daa9097b-722d-4e57-846a-97a5e548e2ce_1710881932322_814.txt"
"daa9097b-722d-4e57-846a-97a5e548e2ce","2",0.647,TRUE,"10-test-trial-1_daa9097b-722d-4e57-846a-97a5e548e2ce_1710881932322_814.txt"
"daa9097b-722d-4e57-846a-97a5e548e2ce","3",0.575,TRUE,"10-test-trial-1_daa9097b-722d-4e57-846a-97a5e548e2ce_1710881932322_814.txt"
"daa9097b-722d-4e57-846a-97a5e548e2ce","4",0.44,TRUE,"10-test-trial-1_daa9097b-722d-4e57-846a-97a5e548e2ce_1710881932322_814.txt"
"daa9097b-722d-4e57-846a-97a5e548e2ce","5",0.392,TRUE,"10-test-trial-1_daa9097b-722d-4e57-846a-97a5e548e2ce_1710881932322_814.txt"
"daa9097b-722d-4e57-846a-97a5e548e2ce","6",0.522,TRUE,"10-test-trial-1_daa9097b-722d-4e57-846a-97a5e548e2ce_1710881932322_814.txt"
"dc3c6949-7b99-48b7-8ac5-110a1881f338","1",0.547,TRUE,"17-test-trial-5_dc3c6949-7b99-48b7-8ac5-110a1881f338_1690484409237_546.txt"
"dc3c6949-7b99-48b7-8ac5-110a1881f338","2",0.201,TRUE,"17-test-trial-5_dc3c6949-7b99-48b7-8ac5-110a1881f338_1690484409237_546.txt"
"dc3c6949-7b99-48b7-8ac5-110a1881f338","3",0.195,TRUE,"17-test-trial-5_dc3c6949-7b99-48b7-8ac5-110a1881f338_1690484409237_546.txt"
"dc3c6949-7b99-48b7-8ac5-110a1881f338","4",0.155,TRUE,"17-test-trial-5_dc3c6949-7b99-48b7-8ac5-110a1881f338_1690484409237_546.txt"
"dc3c6949-7b99-48b7-8ac5-110a1881f338","5",0.152,TRUE,"17-test-trial-5_dc3c6949-7b99-48b7-8ac5-110a1881f338_1690484409237_546.txt"
"dc3c6949-7b99-48b7-8ac5-110a1881f338","6",0.09,TRUE,"17-test-trial-5_dc3c6949-7b99-48b7-8ac5-110a1881f338_1690484409237_546.txt"
"dff41178-de67-4642-b884-f99a16e49bb5","1",0.828,TRUE,"17-test-trial-5_dff41178-de67-4642-b884-f99a16e49bb5_1690925657027_344.txt"
"dff41178-de67-4642-b884-f99a16e49bb5","2",0.835,TRUE,"17-test-trial-5_dff41178-de67-4642-b884-f99a16e49bb5_1690925657027_344.txt"
"dff41178-de67-4642-b884-f99a16e49bb5","3",0.7,TRUE,"17-test-trial-5_dff41178-de67-4642-b884-f99a16e49bb5_1690925657027_344.txt"
"dff41178-de67-4642-b884-f99a16e49bb5","4",0.955,TRUE,"17-test-trial-5_dff41178-de67-4642-b884-f99a16e49bb5_1690925657027_344.txt"
"dff41178-de67-4642-b884-f99a16e49bb5","5",0.802,TRUE,"17-test-trial-5_dff41178-de67-4642-b884-f99a16e49bb5_1690925657027_344.txt"
"dff41178-de67-4642-b884-f99a16e49bb5","6",0.708,TRUE,"17-test-trial-5_dff41178-de67-4642-b884-f99a16e49bb5_1690925657027_344.txt"
"e028c328-ed67-4893-bb83-7b2528bb3c3f","1",0.833,TRUE,"10-test-trial-1_e028c328-ed67-4893-bb83-7b2528bb3c3f_1707068020715_621.txt"
"e028c328-ed67-4893-bb83-7b2528bb3c3f","2",0.895,TRUE,"10-test-trial-1_e028c328-ed67-4893-bb83-7b2528bb3c3f_1707068020715_621.txt"
"e028c328-ed67-4893-bb83-7b2528bb3c3f","3",0.797,TRUE,"10-test-trial-1_e028c328-ed67-4893-bb83-7b2528bb3c3f_1707068020715_621.txt"
"e028c328-ed67-4893-bb83-7b2528bb3c3f","4",0.91,TRUE,"10-test-trial-1_e028c328-ed67-4893-bb83-7b2528bb3c3f_1707068020715_621.txt"
"e028c328-ed67-4893-bb83-7b2528bb3c3f","5",0.863,TRUE,"10-test-trial-1_e028c328-ed67-4893-bb83-7b2528bb3c3f_1707068020715_621.txt"
"e028c328-ed67-4893-bb83-7b2528bb3c3f","6",0.89,TRUE,"10-test-trial-1_e028c328-ed67-4893-bb83-7b2528bb3c3f_1707068020715_621.txt"
"e18df596-60eb-4e9e-a8eb-0de2cba617dd","1",0.91,TRUE,"18-test-trial-5_e18df596-60eb-4e9e-a8eb-0de2cba617dd_1700850689107_938.txt"
"e18df596-60eb-4e9e-a8eb-0de2cba617dd","2",0.935,TRUE,"18-test-trial-5_e18df596-60eb-4e9e-a8eb-0de2cba617dd_1700850689107_938.txt"
"e18df596-60eb-4e9e-a8eb-0de2cba617dd","3",0.948,TRUE,"18-test-trial-5_e18df596-60eb-4e9e-a8eb-0de2cba617dd_1700850689107_938.txt"
"e18df596-60eb-4e9e-a8eb-0de2cba617dd","4",0.945,TRUE,"18-test-trial-5_e18df596-60eb-4e9e-a8eb-0de2cba617dd_1700850689107_938.txt"
"e18df596-60eb-4e9e-a8eb-0de2cba617dd","5",0.95,TRUE,"18-test-trial-5_e18df596-60eb-4e9e-a8eb-0de2cba617dd_1700850689107_938.txt"
"e18df596-60eb-4e9e-a8eb-0de2cba617dd","6",0.51,TRUE,"18-test-trial-5_e18df596-60eb-4e9e-a8eb-0de2cba617dd_1700850689107_938.txt"
"e2e233c7-f51c-4508-8c5f-e7382d4b3712","1",0.298,TRUE,"16-test-trial-4_e2e233c7-f51c-4508-8c5f-e7382d4b3712_1699282794702_395.txt"
"e2e233c7-f51c-4508-8c5f-e7382d4b3712","2",0.301,TRUE,"16-test-trial-4_e2e233c7-f51c-4508-8c5f-e7382d4b3712_1699282794702_395.txt"
"e2e233c7-f51c-4508-8c5f-e7382d4b3712","3",0.285,TRUE,"16-test-trial-4_e2e233c7-f51c-4508-8c5f-e7382d4b3712_1699282794702_395.txt"
"e2e233c7-f51c-4508-8c5f-e7382d4b3712","4",0.268,TRUE,"16-test-trial-4_e2e233c7-f51c-4508-8c5f-e7382d4b3712_1699282794702_395.txt"
"e2e233c7-f51c-4508-8c5f-e7382d4b3712","5",0.007,TRUE,"16-test-trial-4_e2e233c7-f51c-4508-8c5f-e7382d4b3712_1699282794702_395.txt"
"e2e233c7-f51c-4508-8c5f-e7382d4b3712","6",0.088,TRUE,"16-test-trial-4_e2e233c7-f51c-4508-8c5f-e7382d4b3712_1699282794702_395.txt"
"e65cced6-5854-47c6-a74e-a20046fbdfb4","1",0.98,TRUE,"12-test-trial-2_e65cced6-5854-47c6-a74e-a20046fbdfb4_1708390038966_601.txt"
"e65cced6-5854-47c6-a74e-a20046fbdfb4","2",0.977,TRUE,"12-test-trial-2_e65cced6-5854-47c6-a74e-a20046fbdfb4_1708390038966_601.txt"
"e65cced6-5854-47c6-a74e-a20046fbdfb4","3",0.848,TRUE,"12-test-trial-2_e65cced6-5854-47c6-a74e-a20046fbdfb4_1708390038966_601.txt"
"e65cced6-5854-47c6-a74e-a20046fbdfb4","4",0.985,TRUE,"12-test-trial-2_e65cced6-5854-47c6-a74e-a20046fbdfb4_1708390038966_601.txt"
"e65cced6-5854-47c6-a74e-a20046fbdfb4","5",0.865,TRUE,"12-test-trial-2_e65cced6-5854-47c6-a74e-a20046fbdfb4_1708390038966_601.txt"
"e65cced6-5854-47c6-a74e-a20046fbdfb4","6",0.978,TRUE,"12-test-trial-2_e65cced6-5854-47c6-a74e-a20046fbdfb4_1708390038966_601.txt"
"e6681ec0-8580-4c90-8b78-ba2eda235b24","1",0.892,TRUE,"9-test-trial-1_e6681ec0-8580-4c90-8b78-ba2eda235b24_1690469038302_81.txt"
"e6681ec0-8580-4c90-8b78-ba2eda235b24","2",0.825,TRUE,"9-test-trial-1_e6681ec0-8580-4c90-8b78-ba2eda235b24_1690469038302_81.txt"
"e6681ec0-8580-4c90-8b78-ba2eda235b24","3",0.708,TRUE,"9-test-trial-1_e6681ec0-8580-4c90-8b78-ba2eda235b24_1690469038302_81.txt"
"e6681ec0-8580-4c90-8b78-ba2eda235b24","4",0.458,TRUE,"9-test-trial-1_e6681ec0-8580-4c90-8b78-ba2eda235b24_1690469038302_81.txt"
"e6681ec0-8580-4c90-8b78-ba2eda235b24","5",0.968,TRUE,"9-test-trial-1_e6681ec0-8580-4c90-8b78-ba2eda235b24_1690469038302_81.txt"
"e6681ec0-8580-4c90-8b78-ba2eda235b24","6",0.86,TRUE,"9-test-trial-1_e6681ec0-8580-4c90-8b78-ba2eda235b24_1690469038302_81.txt"
"e9c93b65-ba91-47f9-ba15-ebd49936a22c","1",0.8,TRUE,"10-test-trial-1_e9c93b65-ba91-47f9-ba15-ebd49936a22c_1693493644178_328.txt"
"e9c93b65-ba91-47f9-ba15-ebd49936a22c","2",0.897,TRUE,"10-test-trial-1_e9c93b65-ba91-47f9-ba15-ebd49936a22c_1693493644178_328.txt"
"e9c93b65-ba91-47f9-ba15-ebd49936a22c","3",0.805,TRUE,"10-test-trial-1_e9c93b65-ba91-47f9-ba15-ebd49936a22c_1693493644178_328.txt"
"e9c93b65-ba91-47f9-ba15-ebd49936a22c","4",0.645,TRUE,"10-test-trial-1_e9c93b65-ba91-47f9-ba15-ebd49936a22c_1693493644178_328.txt"
"e9c93b65-ba91-47f9-ba15-ebd49936a22c","5",0.372,TRUE,"10-test-trial-1_e9c93b65-ba91-47f9-ba15-ebd49936a22c_1693493644178_328.txt"
"e9c93b65-ba91-47f9-ba15-ebd49936a22c","6",0.335,TRUE,"10-test-trial-1_e9c93b65-ba91-47f9-ba15-ebd49936a22c_1693493644178_328.txt"
"ebffac03-2b65-487b-a944-4680e1ebc410","1",0.75,TRUE,"14-test-trial-3_ebffac03-2b65-487b-a944-4680e1ebc410_1696539048548_413.txt"
"ebffac03-2b65-487b-a944-4680e1ebc410","2",0.719,TRUE,"14-test-trial-3_ebffac03-2b65-487b-a944-4680e1ebc410_1696539048548_413.txt"
"ebffac03-2b65-487b-a944-4680e1ebc410","3",0.675,TRUE,"14-test-trial-3_ebffac03-2b65-487b-a944-4680e1ebc410_1696539048548_413.txt"
"ebffac03-2b65-487b-a944-4680e1ebc410","4",0.535,TRUE,"14-test-trial-3_ebffac03-2b65-487b-a944-4680e1ebc410_1696539048548_413.txt"
"ebffac03-2b65-487b-a944-4680e1ebc410","5",0.358,TRUE,"14-test-trial-3_ebffac03-2b65-487b-a944-4680e1ebc410_1696539048548_413.txt"
"ebffac03-2b65-487b-a944-4680e1ebc410","6",0.302,TRUE,"14-test-trial-3_ebffac03-2b65-487b-a944-4680e1ebc410_1696539048548_413.txt"
"ed8fc258-ab43-41e2-8294-5f349ef3d9c1","1",0.963,TRUE,"14-test-trial-3_ed8fc258-ab43-41e2-8294-5f349ef3d9c1_1694119601131_257.txt"
"ed8fc258-ab43-41e2-8294-5f349ef3d9c1","2",0.982,TRUE,"14-test-trial-3_ed8fc258-ab43-41e2-8294-5f349ef3d9c1_1694119601131_257.txt"
"ed8fc258-ab43-41e2-8294-5f349ef3d9c1","3",0.978,TRUE,"14-test-trial-3_ed8fc258-ab43-41e2-8294-5f349ef3d9c1_1694119601131_257.txt"
"ed8fc258-ab43-41e2-8294-5f349ef3d9c1","4",0.988,TRUE,"14-test-trial-3_ed8fc258-ab43-41e2-8294-5f349ef3d9c1_1694119601131_257.txt"
"ed8fc258-ab43-41e2-8294-5f349ef3d9c1","5",0.833,TRUE,"14-test-trial-3_ed8fc258-ab43-41e2-8294-5f349ef3d9c1_1694119601131_257.txt"
"ed8fc258-ab43-41e2-8294-5f349ef3d9c1","6",0.78,TRUE,"14-test-trial-3_ed8fc258-ab43-41e2-8294-5f349ef3d9c1_1694119601131_257.txt"
"f3bbc908-e1e0-4aad-b274-7272d7934842","1",0.715,TRUE,"12-test-trial-2_f3bbc908-e1e0-4aad-b274-7272d7934842_1700063103384_814.txt"
"f3bbc908-e1e0-4aad-b274-7272d7934842","2",0.479,TRUE,"12-test-trial-2_f3bbc908-e1e0-4aad-b274-7272d7934842_1700063103384_814.txt"
"f3bbc908-e1e0-4aad-b274-7272d7934842","3",0.492,TRUE,"12-test-trial-2_f3bbc908-e1e0-4aad-b274-7272d7934842_1700063103384_814.txt"
"f3bbc908-e1e0-4aad-b274-7272d7934842","4",0.398,TRUE,"12-test-trial-2_f3bbc908-e1e0-4aad-b274-7272d7934842_1700063103384_814.txt"
"f3bbc908-e1e0-4aad-b274-7272d7934842","5",0.58,TRUE,"12-test-trial-2_f3bbc908-e1e0-4aad-b274-7272d7934842_1700063103384_814.txt"
"f3bbc908-e1e0-4aad-b274-7272d7934842","6",0.627,TRUE,"12-test-trial-2_f3bbc908-e1e0-4aad-b274-7272d7934842_1700063103384_814.txt"
"f8937b7b-0136-4afe-a3ed-507af8bf1889","1",0.527,TRUE,"14-test-trial-3_f8937b7b-0136-4afe-a3ed-507af8bf1889_1695689839838_19.txt"
"f8937b7b-0136-4afe-a3ed-507af8bf1889","2",0.499,TRUE,"14-test-trial-3_f8937b7b-0136-4afe-a3ed-507af8bf1889_1695689839838_19.txt"
"f8937b7b-0136-4afe-a3ed-507af8bf1889","3",0.478,TRUE,"14-test-trial-3_f8937b7b-0136-4afe-a3ed-507af8bf1889_1695689839838_19.txt"
"f8937b7b-0136-4afe-a3ed-507af8bf1889","4",0.603,TRUE,"14-test-trial-3_f8937b7b-0136-4afe-a3ed-507af8bf1889_1695689839838_19.txt"
"f8937b7b-0136-4afe-a3ed-507af8bf1889","5",0.545,TRUE,"14-test-trial-3_f8937b7b-0136-4afe-a3ed-507af8bf1889_1695689839838_19.txt"
"f8937b7b-0136-4afe-a3ed-507af8bf1889","6",0.082,TRUE,"14-test-trial-3_f8937b7b-0136-4afe-a3ed-507af8bf1889_1695689839838_19.txt"
"fe6911e1-a286-40df-8612-75b2ede311be","1",0,TRUE,"17-test-trial-5_fe6911e1-a286-40df-8612-75b2ede311be_1692062514498_485.txt"
"fe6911e1-a286-40df-8612-75b2ede311be","2",0,TRUE,"17-test-trial-5_fe6911e1-a286-40df-8612-75b2ede311be_1692062514498_485.txt"
"fe6911e1-a286-40df-8612-75b2ede311be","3",0,TRUE,"17-test-trial-5_fe6911e1-a286-40df-8612-75b2ede311be_1692062514498_485.txt"
"fe6911e1-a286-40df-8612-75b2ede311be","4",0.022,TRUE,"17-test-trial-5_fe6911e1-a286-40df-8612-75b2ede311be_1692062514498_485.txt"
"fe6911e1-a286-40df-8612-75b2ede311be","5",0.002,TRUE,"17-test-trial-5_fe6911e1-a286-40df-8612-75b2ede311be_1692062514498_485.txt"
"fe6911e1-a286-40df-8612-75b2ede311be","6",0.007,TRUE,"17-test-trial-5_fe6911e1-a286-40df-8612-75b2ede311be_1692062514498_485.txt"
"fe85735d-5680-4edc-b835-3a70d4d90a9f","1",0.915,TRUE,"16-test-trial-4_fe85735d-5680-4edc-b835-3a70d4d90a9f_1699647877233_510.txt"
"fe85735d-5680-4edc-b835-3a70d4d90a9f","2",0.724,TRUE,"16-test-trial-4_fe85735d-5680-4edc-b835-3a70d4d90a9f_1699647877233_510.txt"
"fe85735d-5680-4edc-b835-3a70d4d90a9f","3",0.948,TRUE,"16-test-trial-4_fe85735d-5680-4edc-b835-3a70d4d90a9f_1699647877233_510.txt"
"fe85735d-5680-4edc-b835-3a70d4d90a9f","4",0.848,TRUE,"16-test-trial-4_fe85735d-5680-4edc-b835-3a70d4d90a9f_1699647877233_510.txt"
"fe85735d-5680-4edc-b835-3a70d4d90a9f","5",0.728,TRUE,"16-test-trial-4_fe85735d-5680-4edc-b835-3a70d4d90a9f_1699647877233_510.txt"
"fe85735d-5680-4edc-b835-3a70d4d90a9f","6",0.945,TRUE,"16-test-trial-4_fe85735d-5680-4edc-b835-3a70d4d90a9f_1699647877233_510.txt"
