Subject ID,Parent ID,Child ID,Parent Global ID,Child Global ID,response_uuid,Gender,Age,Response ID Retest,cohort
2001,dU4NPG,UTJYU7,492ab608-68b3-4813-af48-748fc8a7fc5f,5867e169-70d2-43eb-a921-65d59e373aad,004732ad-6b7f-4b0c-861b-48fe2a7f3287,F,6,2526cc31-5fcf-4001-871c-1de71a25098e,NT
2002,PEXT2V,HUKLcY,120dd6b3-59c1-46bf-96a0-10ca11df89bf,c0f5a8c5-f331-4d60-82f2-ea2f982c745d,e6681ec0-8580-4c90-8b78-ba2eda235b24,F,6,417ad402-551a-4059-a0c9-341833b09455,NT
2003,X4HEVW,BQMLKW,784542cf-679c-4e28-801a-87e8db75dc6b,6a1d07d9-6cd1-4e63-ae7d-4eddf453bb11,541b92ea-6a83-4026-b6ff-72575cba1785,M,12,1980cf63-b2ee-4910-8568-aa308fa76638,NT
2004,LHFQ5F,FNRDDY,1d5d5e10-512b-412a-97a0-0a059f6ab67d,436670dd-94f6-4d12-b20d-ba6059dd43ee,dc3c6949-7b99-48b7-8ac5-110a1881f338,F,6,fa83f7bc-7a0f-4108-a896-0c5e7a8dc21f,NT
2005,FUT6YS,YZKFBE,6283135b-52f0-44e3-b031-0dc2739fc062,f67333d7-0e4d-4c9f-a6d7-1f0c3d6917b8,b3281ac1-0414-4b63-884a-00770a2c0498,F,6,6f651dd9-f14e-4cd4-9a04-c05149848020,NT
2006,H4XL6C,77PWX3,907e09e6-507e-4e0e-88d7-7a6b3b8db128,e47cc8f9-9f6c-4866-a417-01e21be171a0,924bd4e6-f346-4f1a-9c6b-c6db75dd7afb,F,6,2858a4f1-34bd-43fe-82c6-4598be5f9d2c,NT
2007,HDDE36,E3SXGN,7b3498f5-5d1c-4b25-9fd8-81f5d555a980,9a125741-0666-4133-bb04-38bdc8221b22,623e1a76-c6b1-4069-a73e-d24df01bc069,F,12,fbd60c41-7084-4c52-9f59-6e17f639c88f,NT
2008,FBEM5Y,4cTcKc,55df9327-a729-4489-a44a-9a5383776d79,e0ba9990-f38a-4e61-84e5-1270fad7eb4c,47306b3d-3f47-4fa4-853f-d4adbd50ba6c,M,6,01e42aff-e8ce-4aac-b193-2a5fb09188fc,NT
2011,P7WQdY,XcU5HG,cb6e406f-a0d7-47c4-b0d3-fc4854e38f1f,10f39011-c80a-4ba7-ae15-52dc28ed2998,948f9377-b3b7-4910-87d6-b64eeee52434,M,6,NA,NT
2012,ddAWcd,R2EFWG,54b6a077-b366-4469-931b-5d8629a248c2,d9de556e-4313-4ddd-9083-9692ab7d7c74,dff41178-de67-4642-b884-f99a16e49bb5,F,12,c0133a94-43b9-44c9-a3c3-1809a4561d53,NT
2013,QXXRWD,AKL6QT,99e0fa7b-adc2-47a4-8a3b-93fbeef0d329,c41274cb-759b-477e-be88-416a693310f7,0da636ec-fbd5-4f6b-9b7d-5fa0416da284,F,12,e3503578-3e63-490b-bf33-ba63d2ffb885,NT
2014,SX3XNZ,XJA347,e7bfb7b0-c42b-42a6-abd1-f0cc7afefdc3,fcd296ea-4df8-4b6f-9a08-096d46b90540,b9679102-1cee-4edb-9cd4-00f0aba34ed2,F,6,21303416-cb0d-45ce-971f-144414d62e66,NT
2015,UULJKZ,cTER7F,e77537cc-3dfb-42ae-bd07-90b92627f899,430bfd33-c005-412d-bda8-eb8392dd213e,a41efa95-31e9-4d20-ac63-5662316bd7e5,F,6,959200c6-8975-4399-89c8-3e5a633b73c1,NT
2016,PRcMTL,JGMYCU,fc91a5b3-48ff-4ce1-96c2-a1e2e86ff733,4a600eab-603c-49f4-ab52-d73a4d42b003,2ac97100-84f4-4172-a88f-82e8e886ea58,M,12,a46708da-20da-44b6-9e68-1d68bb1da72f,NT
2018,U4HYWV,YYNJ5H,ca4e4334-6512-4473-b5b3-5704b7f0f4b4,0fc744bd-c8ff-4c7d-823b-2f84e1abf9c8,2817e5e3-7bf5-45c3-b800-2e0ddc4ed608,M,6,NA,NT
2019,2CGAQD,C7RXBE,136fb84f-db50-438a-a07d-bc52de501ccb,7dfdb2d6-72be-445d-897c-c7ed48959ddb,2b882a59-5857-481e-bda7-cdff7bd8f56e,F,12,da5b4423-75f5-415e-8220-c5aa701331eb,NT
2020,6CMGPW,YEFPW6,5dd544df-cf5d-4698-b0cf-1afe557d5331,f28c8100-d9b7-4722-8665-45ad9d24a8eb,1da22c85-469f-44c2-9bb3-312daf3b21a5,M,12,NA,NT
2022,V75WLW,MUc2RL,4e5a739a-2fd7-4a37-953c-9f0dae0fd780,52e59a8f-f522-4d5f-bc50-2f5d8d33ae00,25c12ba4-d8c9-4e68-8309-cba774c947db,F,6,NA,NT
2023,G53YFK,T6FZCM,bfc43f3d-f01e-4263-b2b4-76d285b5e29e,58f2c04b-624b-4e80-a142-8e9daeed66e4,500df8d0-a283-43bd-b60b-dd291f0484b0,M,12,8e65f252-8687-40dd-92c6-583e50316945,NT
2025,ACBcKM,2AGPPK,ddf0ddc0-93b7-443a-a2a0-bf2ba02593ef,9c1eaa15-0760-428d-bfb3-2906a8533fce,fe6911e1-a286-40df-8612-75b2ede311be,M,12,NA,NT
2027,PWGQVC,JHX6c3,dd0970ff-bad2-4ef9-9fac-725d6fded474,d3f89899-3196-4c38-8476-19aab5d71459,dacfde24-e3b3-475d-9cc1-8fe285c3ebda,O,6,NA,NT
2028,56ZYU5,AdCN4c,f492bf15-1035-42cd-8d9b-3bd79beb77ed,499c9d48-6d91-4c3b-8f78-09647895c0fa,8a362df5-0bae-43b3-a757-fd160cf111aa,F,6,eabbbbe0-b4c0-4c85-af53-2a2e7bc45b6f,NT
2029,EVVZTM,35KMZC,173c4074-1b18-4293-a9ad-59cd2f012606,ff5a6247-01e4-41e6-bc18-fdcef61aebaf,5864ecf2-7993-4712-9177-f4feeab105ea,M,12,a4febd0f-7bff-4273-b3df-9b709c02605d,NT
2030,EXNBXS,GV7DDT,fbdd70c4-fbd0-4668-ab2f-ada7f2592d27,609c317d-23e0-439f-b17a-ef72fc337cb1,2f9f948f-d9da-40f2-b5b1-247207217245,M,12,e41df9d1-7f5d-4631-a8c4-6d85e38bfb66,NT
2031,cA3CSK,3KBRMD,72a36462-84bf-4741-9d90-326076a20148,cbb82ee0-eb84-423b-9205-65271f5f7e5c,33f4dfee-b330-49b3-a70d-c5497436bfe9,M,12,5c463fb7-7884-496a-a608-a48dd1ad39e0,NT
2032,F7LSBW,S5TSUY,6c2b61eb-fed3-49ab-8d37-a3bc60d10947,b1b7623e-119a-4b1c-b4da-ccbaf2ccb61c,18088fc2-ebda-40ff-a630-70ffa64a67ea,F,12,5c3e291d-6e02-4c4f-9e49-932089605971,NT
2033,PJF5ZS,WXE6EK,f0961a8d-578e-42d9-8890-25138439e6b4,1c52f3db-3800-43fe-89e9-cc7c95129e29,87596fb5-e33a-4991-961b-e3f5a3ea080f,F,6,6c68b504-c9df-4f69-a0a9-de0abd407569,NT
2035,JWEPEH,3WFS7K,fdd31a1f-f9df-4e11-a351-149f168e4c98,96dfb7dc-bee3-4cd7-a361-75938433cdea,06f52932-c87c-4815-adb9-52cc60998bd9,F,12,54308812-aa71-494f-9170-12719aa90dee,NT
2036,LQHMH7,QKBVJ7,dd73f670-0b9c-42c3-b88e-d1e0cdbb3f9e,927d6662-bc2e-4e38-8578-f6fbf59d1413,ed8fc258-ab43-41e2-8294-5f349ef3d9c1,M,6,NA,NT
2037,FDR5UN,HAWDSQ,173234d7-893d-464e-8248-746bd9e79aab,a15a116c-6254-42c1-8c39-3aa2b7f8b75b,d7947371-1fbc-444b-9f5b-8c93452af17c,F,12,6bf29bbf-8509-4f4d-ad60-7c77e6b82236,NT
2038,XLTTU6,S4JN4V,f0aa196a-4320-422b-8df1-525ed3739209,a636bc0b-4a4e-40cc-b4a4-e988a8511578,19397c83-6941-4f2e-8067-60e5655c55a1,F,12,8c344a1f-5ff5-4549-9836-cd6145168234,NT
2039,XJGAWZ,YKZ4N3,ba14ffaf-19a6-4c8e-96ca-2183f7406335,d59ae989-0836-417e-ad51-49c8f8143cbe,88841493-50a2-4b5c-adf6-4ba51ee9bc8a,F,6,965fca9a-e28c-4c25-b459-be8031d28348,NT
2040,c6K672,FC6KC2,b18d1750-dd8c-4713-994c-703a1d976f86,8459bd2a-c3ec-4a8e-8dad-ada86b1664fc,2f184f61-d2b2-423c-bed5-027b0514aebd,M,6,3189227c-bc4e-4b8e-91a8-bb8dc3b99e3b,NT
2041,JBGXZE,3CMFAN,0927fc03-3315-4a18-9694-f3ac2f2b8b09,d41aa17f-9642-4c9a-b812-c99c33a1052a,96525cba-df8a-4248-90f6-220441592b0e,M,12,a625fcd2-e9c6-48f9-b8e3-a15bcfdd6076,NT
2043,TcR37F,7SU3VD,6987f6e6-7414-4f8d-ba86-ca928aec1d14,83d98f5c-89b3-49bf-ad00-cd3a6ecffdd7,ba157a71-c389-4320-a764-5178216947a5,M,12,1c85c386-ab10-44cc-803b-1fb00df722d0,NT
2044,QR2ZWH,BNBN5Y,d9da6b33-f0ae-4c6b-a14a-bf6eac13505d,58f404be-4017-4553-b705-420e871ba4fd,a5dedd8f-fc40-40d4-a794-01c2637fc2ce,M,12,818d4323-7681-48ae-8883-93831783eb74,NT
2045,APV6BY,W7PEQR,d2f85fa7-d005-4f5c-9a26-2a0c6e9c456c,fb358554-6433-4275-b8a5-833465e5ca9d,84d5c1e5-cadb-46dd-aca5-1a906e3916ca,M,12,ae6925b6-dd9b-47b4-85c8-534f73ba9f7d,NT
2046,3RESNS,4QEZN6,d8b7ab0a-1609-4514-a41e-470244cc4142,5b5e0e9a-51a1-4ea7-af27-2b0b9c56e664,31166c21-7fcb-4d7f-b606-1ce38fbea56f,M,6,e462f77d-3e4a-4a47-82f8-5e9901e4fe39,NT
2047,LMDcHX,FQK2XG,3c3cc2a1-1657-4183-9643-f0a66fd14c70,414d76c0-a432-4b17-856b-94588ccd68c4,036015a7-933e-4753-84c7-c76bec88a304,M,12,da19dc2a-e3b2-4b95-8352-2f65a7017ea4,NT
2048,7HHcVS,LLBERX,eb544536-38f4-48ff-8136-e9e234a4a1e6,403d116a-84e1-40c6-b5a3-28cd484821b7,d9c799e8-ffd9-4845-89d1-0e2432e9f25a,F,12,64d9c64f-4c20-4e8a-b7b6-64f5f3919f69,NT
2049,RATEZS,7XUNUB,55c7fe45-51ed-4ff9-a40b-f444fe325578,6eeec8d8-f7fc-4333-a699-fc41916c9a99,08eee7ba-ef32-489d-9d25-e6cd14a0b267,F,6,d2b5eadf-e5bb-422d-8a55-57ae662767a1,NT
2050,YAUG6S,S2GT2A,b0bc54d2-3881-4632-901c-914b65d2731b,fe5ba93f-5393-48d6-abd0-bb10bce71f36,f8937b7b-0136-4afe-a3ed-507af8bf1889,M,12,NA,NT
2051,QN2c3U,7DM766,618acfaa-52f3-4f9f-b08f-d23601f12f96,04f7e4c1-f230-440a-9c36-0db4387c2d31,5ec484d7-b2e0-47ab-ab9a-34290f15cfcc,M,12,NA,NT
2052,DVYXWZ,dZEPTS,2ac3e799-fb14-46b2-8368-9eceac8eb403,e4984e72-c222-4e49-aeb4-0e5d85deac89,3253da16-238b-4f45-8610-dff84aa897d4,M,6,b43adb18-b73a-4352-ad67-8d2520fffbcd,NT
2053,cT3GAF,HFNWDA,6349b34e-6b9d-47ab-87a5-ca9591027611,12f96e9a-d3ec-4f8a-bf34-5a2a49baab4b,293e9cd5-1fc6-4950-afd2-7929b83e0d4a,F,12,9b757aaf-bf55-451b-bc8e-4f717b635cf5,NT
2054,JWFVRS,TBZHTS,d961841d-4f2d-4706-8275-1e3c8ce20fee,0d9cd5be-e1be-490f-84f6-901e3de03c16,b75d59f9-2eb2-464a-872c-c8191db86003,M,12,4c1e6fca-b2f5-41f7-b978-26577810d77f,NT
2056,BRH47Y,YQ7BVR,04ea1fa7-17b7-47e1-bbc6-71f12d8cca1b,3508163c-c569-427a-b90e-356c4d420eb9,ebffac03-2b65-487b-a944-4680e1ebc410,M,6,NA,NT
2057,KFFU4W,J4EGZ5,bc0c1594-0955-4d77-9906-0da0e5d0babd,1d8a5f3a-5798-49f3-bcec-94a5164bdac6,1d11ddd0-c1f0-4d87-b732-f16083f88e22,F,6,490680e6-550d-4034-8972-1fd8d19510e8,NT
2058,7MX6HD,cD3NNU,58502a6e-90da-431c-b65f-aa8326c0ab0e,67ef7978-fdf8-44c4-ac19-f7b29c488d45,a0fe20d1-1d1b-420a-9cf1-5d3077547554,F,6,NA,NT
2060,ZEU5J2,HNEcZA,a4f5c122-8f6c-46ed-8080-1afae505647c,dee2e64d-4d8d-4b29-99a0-ca37f8de6321,e9c93b65-ba91-47f9-ba15-ebd49936a22c,M,12,86639ff1-8e35-4443-a0ee-cb5d7f1a0d89,NT
2061,BTS2dP,UWcBHT,689cee67-063a-4512-940b-b6876bc3c023,45d3c6c9-ff6d-4956-9b2a-231171a527b5,0b01ad73-6636-4eb1-bd1c-7ee3f5744f5e,M,12,6aecd465-8c45-434c-a35d-b6bbfede6ecb,NT
2062,4CT6UF,FPRMVU,fc01cb5d-eeb9-4a46-82b5-10508cf5185e,e32c7366-f134-4a26-ae6d-f5da0afc5fb0,ce300d6b-aeff-41e2-bdaa-4a5a655aab78,M,12,NA,NT
2063,L5YS2N,ZCJUCM,42b36e1b-b913-4ab2-8a7b-81e6b3a18dad,0d5e6292-633e-41d2-b48b-6067f0a92fdd,9ad57cbc-f883-4b58-9b99-63e64c2bf71e,M,12,NA,NT
2064,KCXJG3,GLPLKA,0d119537-354e-4833-a0c5-14a459a64020,af74d72c-1c5b-46d0-bec8-303e17b8ce45,1c0a5b8d-7617-42eb-a1f4-71e8d2c8f51e,F,12,0c06824f-a613-42d8-9ef0-84e1aea9379b,NT
2065,P7A35X,DAAG73,6f482d1a-c92b-40b9-aef4-c46be1645831,f131bc15-5625-4699-bc40-c3df2895673a,3f7b7e18-3928-4322-9742-edbcbf580aeb,F,6,f7401500-1931-4138-a83d-d58a17bc115c,NT
2066,CPRRdM,J5FWU6,8b7fa626-f96b-45c5-bd61-7ebfff66e86f,96f26880-ef43-46fa-9560-e7a0caa4f40b,88ff4560-925e-4786-a72a-41dcb62716b6,F,12,cf11e63e-acc2-4b71-8b4d-950aa71c4c15,NT
2067,7FPUD6,2VZ5YH,444c28a4-6fa4-4715-b2af-6a5b423dabea,a25e86c4-5240-4031-a51b-183d88e53608,5695668c-eb3e-4156-8fe9-8c8615c26a4a,F,12,66f21ea7-bd4b-420c-baee-8c05a38cd746,NT
2069,7BQcCV,FVcA47,88c6ff10-632c-4f72-ba09-8576126c2266,939bfee6-026a-4ea4-b468-7732dc68797e,9fd4e3f9-ea8a-48df-a526-04bdbc59ac79,M,12,a9ee270c-d2c2-4e12-a0df-47f6b6f8363d,NT
2070,AX6G4C,QJMRKL,7a3f82c7-5f0b-4eff-81fd-e65bccc236a5,2598045d-1272-4d56-80f9-2d951bd4bf78,a6141b72-7df0-44a4-9f7f-c1da97daae50,F,12,7ed2561e-8fc2-48c4-beb6-4ea0a6bef7f9,NT
2071,GY2AYQ,RJQKJU,2f785aaf-a269-47b6-967d-a2c6a8ee34e5,15e77577-8883-4f07-8899-c964f291e4fc,095b6236-bad8-4356-8325-878f7a78c608,F,6,497d4a79-2fc0-4684-93e2-3cb8d7bf8060,NT
2072,LT5WFY,PNcXJB,e2a89c19-6515-49be-96f8-6732590fcec5,df0c9e44-0dc8-490f-9644-ebe80d3c9242,9fd3fdc0-0d1d-4684-8567-479616056287,F,6,52eb01fc-181d-4df6-a843-a48db3d51e94,NT
2073,YdU22K,2AdLAX,d722da4f-12bc-4cb1-9d3e-d4eba8767c77,b948941d-bf0f-43da-821d-99de5fbe3909,4e025f99-b4fa-41d9-8ad9-824b9d88d2d9,F,6,2a635a4c-f2e0-4e3f-b11a-c8b3c9736eef,NT
2074,JcMFJU,G6BGHZ,18ed2a2c-a9ec-4fc8-9272-b08f1f69d63e,c1e35733-8088-4a5e-8d65-390062a4c14b,aac0690d-0aa0-4ba1-923c-8d11717f228b,F,12,be1afd6e-a56e-487d-ad27-e8abc08141b5,NT
2075,dDGCP3,MB3HHK,d3d2de3f-2e28-45f1-a503-67f9571f4061,914a9059-5117-4bd2-81ac-9b9170f5fdd3,1afcb3c4-2834-4ba8-bb46-e4d987cb35ec,F,12,6263fcdb-7380-4c2b-b806-24340cca8a81,NT
2076,JNM6KK,5UcBAZ,f545bc41-9e96-4a50-8acf-3eea0de1b5e5,0a6d6cb0-78b0-4f55-b90f-81233fc6abe0,ce3576ae-b709-4de2-9d36-32dc5df83253,M,12,6a7b3e9a-04c9-490d-ad48-5768f9498d73,NT
2077,2dcRFd,WUU4F4,15c41505-07d0-4494-abbb-c17b2425318d,3942864b-0d41-40ad-ba86-5872b5b8065e,fe85735d-5680-4edc-b835-3a70d4d90a9f,F,12,9aab8705-0c41-47bd-b8b8-7f8342006caa,NT
2078,3FVLPH,BAXJCQ,32097042-51b5-4ea4-8606-2418cdadcd9f,80f16cb9-4c25-466e-8a04-00f250b61b5f,e2e233c7-f51c-4508-8c5f-e7382d4b3712,M,12,501b93ee-f3c2-4a08-b92e-14cf65aa08f3,NT
2079,V5HS7B,KQLDZF,c470e7b2-e4a6-49fc-96ce-2dff173de76b,deea5a9b-6fba-4be6-a17c-634f5a889744,c249ac99-7103-4d9f-a385-6433ef511b7a,M,6,2478e6bd-9910-41ff-81fb-b0315a70a049,NT
2080,6XFLUZ,G7MDXP,4162dbcb-3489-4477-91ec-a4ebec70850c,465a6c59-08e4-4984-95e2-c8ce379625b6,ae4de261-f5e7-4282-817b-71d298e6ccec,F,12,ca308a39-011a-4a4a-872b-6f59a388eb87,NT
2081,KQMEHW,4AWK5K,3c34c52e-f0f0-4e8a-8e67-80f825b3c91c,d453ecc5-1091-4ec4-b6d4-85bfea8f3f3a,2e9bcba0-31d6-48ef-9ec8-04ccbc838ff9,M,12,17a439fe-5549-4c65-87a6-962d19bf91d9,NT
2082,Z5LWAH,UYD5VT,b3070d10-078a-41b7-9fd4-23a4a50a80eb,743d9c0b-1fb8-4741-9020-273382e9bb62,32a3fdb2-05a7-4f95-9252-306bb9ee470f,F,6,NA,NT
2083,SDNWGH,HDUZMC,859cf117-5206-457a-bc07-3173c877fc71,b7bd8da8-2a3d-47f7-a305-24abe89a5489,388e70f5-902e-4197-9bf0-61e5f32de097,M,12,0c7a67dd-a068-4f1d-986c-95572bd493fa,NT
2084,FDSZH4,4UdCTW,f0a8883e-8afc-444a-b53e-4d4ad87b62c2,4c9e1885-fee7-4da1-a81d-9abc1a7ed993,ee878386-31fd-4f20-8411-a281e920c84c,F,12,de33b990-c816-4f04-bc22-fac5185bb611,NT
2085,TA7J5U,TJHF7U,47c061a6-e79e-43b6-806a-64badcda0370,fdab6406-9f92-4231-bb06-b18d9a5308b2,257e85c7-6ba9-45b5-98da-5cd61b51b694,M,12,d010fbb3-1cd3-4621-a244-187d0ef4c669,NT
2086,GSZUZ7,WQ5XYd,86a31fc3-89f5-4593-87d2-32ef28ad9954,2064d08a-db3c-4ad6-a3bc-bfa4d262b51d,2422cca0-c228-4211-86c5-809afbcc7a4d,F,12,87f4279b-2020-4a81-bab8-ec8c7c57cc4c,NT
2087,HFBTBP,NKUVAV,84752149-5156-4dcd-8983-564243087df3,af87209b-9ad4-4e8e-8fc1-7f5914048e36,195d5246-ee70-4487-9d09-8d13249e2f10,M,12,12f4a2cf-aef7-4d04-8324-11ad98ceec64,NT
2088,6XB5CV,ZSBPKG,db9ccc35-a868-4581-838c-d8dd1f2601ff,e20e257f-4873-4884-93b9-533e43d5264e,48444209-fd3a-4173-8854-366e6f1bb582,M,12,beeec2d6-9910-4ada-908f-c377825417f3,NT
2089,L7CJR3,cDRCZE,b0be78c1-a99b-4421-a57e-db3c49cc5f85,3be9c332-c2f9-44e2-a50f-92db15436ba4,8027ff65-17d3-4496-a0f3-e4feeaee5ffe,F,12,11750d1e-be77-497a-b0fb-70129fb843eb,NT
2090,65VZcF,4VdXcR,3456ed4b-d05a-462d-9c5c-be6e3be7ae5b,d6fb08cf-d31e-4b8a-acc4-3579c5190c94,f3bbc908-e1e0-4aad-b274-7272d7934842,M,6,b5224476-5b7f-4ff3-972b-d2a26173b84f,NT
2091,SMZRAM,K72BZP,e6f05cd2-160e-4b0e-82c8-c9ab50262165,51c4140b-2c0c-4d82-b3dd-3b9f09690387,e18df596-60eb-4e9e-a8eb-0de2cba617dd,M,12,28cd5642-3c46-43b3-866f-dd772c47dcec,NT
2092,PFVZBR,5DMM7L,c39bfe8d-b0a1-4bf8-81f2-acccc96c2f94,7ae55277-ac6d-4f5b-8834-c1aca7efe9c3,484c17b3-9364-461b-80e7-1e3a2715ee8e,M,12,NA,NT
2093,NARdPJ,7ZGZAF,6ba16362-337f-4fc0-856d-763066c2629c,c0832536-b4a5-4bf9-8d9f-ab2bd7b5d522,1b9291ee-7904-4319-a182-222c2f7e9ddb,M,12,a270115a-58bf-43fb-b852-0db66f2cb008,NT
2094,67CMS6,TP2N3K,41926e81-d2c2-4a31-ac9b-0a4f88f4aa1f,64dfa698-5233-4653-91f4-282864c27501,d139f6f2-6b46-45a9-b60b-5d7f1b571c5d,M,6,b95b02c5-afcf-4000-a79d-765b9d3b65cb,NT
2095,U3EAB2,dSMU6Y,88e3d1eb-51b3-4c2d-859a-3c0109ddf19a,3c062aad-3c9a-4562-90da-95aa1daf8d3f,da02ea62-68b6-4b32-965d-9676bd328193,F,12,NA,NT
2096,MCdRCV,ERXN7N,a42a7966-02bf-4949-94b9-3ae4443f86cd,4ab02779-0122-4b4a-a5cb-809c9a800224,04d5f486-93c0-4fa9-b2f8-d0abdef53e6c,M,12,9ec045e2-53df-4aaa-b6c6-0c87ec23be02,NT
2097,M2VcdN,LH762Z,229c6580-eed4-4d1a-8e9a-a4b57363b3b3,b1010dd7-bf73-4de8-a60e-4db613fe054d,82e131df-e2ce-47da-9b19-990c27fa04a7,F,12,24776064-1e7e-4f94-a4fc-dc95e47505e6,NT
2098,QZVAAG,dLHVSM,b53a50a0-b295-4e87-87fb-19544e439e0e,77dd1393-d691-4844-a2cd-c6c89a3b5d39,c2518325-256a-47ae-a0f7-d968e9367e31,M,12,NA,NT
2099,QTAJC4,EJN4Lc,83bf8146-e88d-46d6-a8a9-aaf0d4b4e534,51f09554-7180-412e-b92f-17683023e47d,036e33eb-cca7-4d18-ab55-63c4c489229a,M,6,28bfdb51-49d0-4f23-aeaa-cf5ba03e53db,NT
2100,HE55UK,ZWE4BY,375d24eb-742d-4e78-8b86-56fe8940f1c8,5c32a73c-ed7b-4f02-a02d-ba3078a9584f,a95dbf10-854f-48d8-a2c8-050706461e96,F,6,2577522b-1130-485f-84aa-748ee41d38c4,NT
2101,WTYSNF,DNTdKN,71e0d3d8-f525-4dc5-81e0-d25e1cf0f9af,91104f72-a5c9-4c9a-ab61-fa009989dd8a,768cde0d-7d32-4d1f-b551-d9192946e6c0,M,6,9f6be365-75a5-4201-ad90-2098dd82b891,NT
2102,6L7c2D,KXLUWG,5c38e228-ecd9-48cb-9f07-ac2eba5e2a2b,90fa2a41-b467-43c1-93dd-76ca87a40410,be476632-1647-4ae8-8497-1d82d41d32b6,F,6,2a10ede6-e18c-4bf0-a4e4-dac8b4b19c42,NT
2103,QXXRWD,ZMPETV,99e0fa7b-adc2-47a4-8a3b-93fbeef0d329,6dc90bf2-5f70-4390-acc7-613f1ce98e67,a4731982-01e9-4848-a2f0-a62d433a2ff1,M,6,NA,NT
2104,RC6H5C,S63PEd,8ec7caba-01db-4f44-a37d-3e5768e6e829,9d4dcb78-eebf-4b9e-9428-660dca86984d,9549c2f3-772f-410d-893c-e0def0134a22,M,6,4783ca92-b922-450f-a458-4f19403eb089,NT
2105,P2ZWMA,LU6X52,10bbb05b-0233-4ada-b668-8bee06abad4b,8a963c22-96b9-41d9-bd27-0443999b5016,3f6f99f8-1ba6-4ce5-8a38-0e0179620eac,M,6,198ebad5-1250-4375-9217-6f3292ba2cc8,NT
2106,WKBWcd,QPTJGV,336cc701-9260-429b-b80f-ca40c2347216,b0d58482-0cf0-4c25-be2f-f9523057699a,8df921fc-7c18-41bf-8a95-f3ebc3668b4f,F,6,d44c244a-b82f-4038-b726-f9fbfe46bbea,NT
2107,5cNWHV,STHZXE,e504703d-b0a0-48c0-8d0c-27071ee6c49d,690e7860-b31f-453b-a024-098da769be36,06593bf2-f310-46bb-8a43-9c72dc7811b0,F,6,ac948263-92a0-49d2-a089-8e98d58b3c9c,NT
2108,F7PX6T,FSZV5W,e1759376-6704-46d6-972d-a29e92eadaca,508e75df-5621-4219-9adf-cfcf03afdc77,3873e122-5f39-4195-bfdf-869c4d529846,M,6,NA,NT
2109,7N3472,AEdRMA,dc2ae85c-5b9d-42b7-b2ab-b10552ea45ba,a19bd1a5-ca97-4ae4-8aa0-e81fa0c07e2c,95b2ce0f-c3c6-4de4-8d32-9f050ab5c501,F,6,9acb5ab6-fd55-46ad-bb40-6b367417e387,NT
2110,VRRUWQ,Q2RKLc,e2971f3b-d855-4674-b379-7e81c35f575c,635464b2-d91b-4ad1-8bf0-0ced4c712775,e028c328-ed67-4893-bb83-7b2528bb3c3f,F,6,4f6b207b-2a9e-433f-ae15-ebe6c67153f6,NT
2111,UGXFLR,ACF4EC,c2a604e4-0840-440b-a97e-0f03411e2957,5f97a032-d33b-4a21-83df-8ec29d655722,d3bcd095-67fd-4c4f-ba8a-fdc71bf14fa8,F,6,6f3f5df6-eb0c-4b88-90e9-25daaa01ef09,NT
2112,XUAYY7,XRB4AK,244a9205-6823-4e76-b57a-afcfce15cd12,e95e756e-c358-4269-8243-2af0591edffb,a8aae5c6-ec9b-4dfd-a9c1-4f5976d2d60f,M,6,0db297ed-1af2-4593-b0ec-5943dcfd7f26,NT
2114,PDY5MG,64QTUX,2e90b107-6b5b-4675-9779-1e41bbab7617,5c580f69-dda1-4e5e-8268-6b73702c0305,cd0bcb7f-64fb-4cd3-85eb-74011bc1f834,F,6,NA,NT
2115,5VQ435,4A4CS3,5c6deabc-bc9e-4ebb-bbfd-e92fffc0d306,ffc70c32-75a0-4776-860a-22705ef5680b,6cc17b70-29de-481b-8672-f70a2428e0f9,M,6,25c13020-ff92-4eed-8c6c-f16911d831ca,NT
2116,S3E6YT,WcASHV,a0b1c5d5-990c-4bdf-afdf-cef5c7f12d2a,6889e07c-9d2f-4588-ac68-2d98962d0a4f,ad5bf6d6-7ae2-4b4d-b102-d8406e77c167,F,6,022b2880-4d7d-4fde-8aef-d39fb73e7a8c,NT
2117,LSGP2C,A2BQUA,0427fe77-914a-4616-b8e0-cff9d31c280c,6b33e0de-07f9-4907-9121-31274e8fcc4a,e65cced6-5854-47c6-a74e-a20046fbdfb4,F,6,84a70eae-aad4-41b5-a9a1-2ad657092921,NT
2118,PBDSVB,FZ3JSS,fcbd621f-6c52-44fd-9dea-18adb51fab2d,c0789027-cd9b-4eea-88d7-f6178ce8866f,daa9097b-722d-4e57-846a-97a5e548e2ce,M,6,b28ac913-49c8-44d7-a202-d2ce8866d170,NT
2119,EN3KEF,2KN2NW,4daebf4d-6de7-4082-a59f-6c1b60248df3,5ea39ef1-1ad8-43ec-9fad-1edfc4e8d01c,5caf21a7-a5ec-4bdc-828b-dfa5f3aaba31,M,6,36a5473d-8202-4594-bb66-9b009fc5f87b,NT
2120,KDD2UW,BdcENX,afbd4312-59c9-4a3b-ac41-2e250556c1b0,40243175-500e-4444-bb40-a73d768194e0,5a7ea095-c369-46ce-9b7e-5538504dce52,M,6,3603cf52-7537-41a1-aaa2-85ca954f82a7,NT
2121,NE5JJd,YPVPEB,c97209e7-8ea4-4593-a0a6-0bf91479752e,975bb5c6-5fac-4c1c-a43e-14eb7da0acaa,af5f2baa-7fed-41c3-83f8-c0c53f202782,F,6,7763c719-7c58-4802-8076-5657a9bccf39,NT
2122,BZLGLQ,JB7G2K,4c1158dc-741b-4147-8d23-89c151ccfdaa,f7340eea-a8d3-47f2-a037-64efb5ff1f7e,14bde937-9452-4ae0-a0ce-8553c2aa41e5,F,6,NA,NT
2123,W3BYd6,MCGFDD,34f6fcc7-24a7-4235-85f4-881192fb282f,f42339c3-65d2-40e6-91d0-5ff7bd37ed61,542a740b-12ca-43b1-96a0-6b2c2142d327,M,6,7460d240-63fe-4553-a59b-32898cad07fb,NT